"SAMPLE","DateTime","DATE","TIME","Timepoint","CYT","CYTSN","OP","FSC-A_Gain","FSC-H_Gain","FSC-W_Gain","SSC-A_Gain","SSC-H_Gain","SSC-W_Gain","R660-A_Gain","R660-H_Gain","R780-A_Gain","R780-H_Gain","B530-A_Gain","B530-H_Gain","B695-A_Gain","B695-H_Gain","V450-A_Gain","V450-H_Gain","V530-A_Gain","V530-H_Gain","V710-A_Gain","V710-H_Gain","Y590-A_Gain","Y590-H_Gain","Y610-A_Gain","Y610-H_Gain","Y670-A_Gain","Y670-H_Gain","Y780-A_Gain","Y780-H_Gain","FSC-A","FSC-H","FSC-W","SSC-A","SSC-H","SSC-W","R660-A","R660-H","R780-A","R780-H","B530-A","B530-H","B695-A","B695-H","V450-A","V450-H","V530-A","V530-H","V710-A","V710-H","Y590-A","Y590-H","Y610-A","Y610-H","Y670-A","Y670-H","Y780-A","Y780-H","Red_LaserDelay","Blue_LaserDelay","Violet_LaserDelay","Yellow_LaserDelay","Red_AreaScalingFactor","Blue_AreaScalingFactor","Violet_AreaScalingFactor","Yellow_AreaScalingFactor"
"23-DEC-2020",2020-12-23 09:03:37,"2020-12-23","9H 3M 37S","Unknown","2.16.0","Unknown","Unknown",336,336,336,357,357,357,525,NA,435,NA,590,NA,650,NA,573,NA,462,NA,524,NA,386,NA,450,NA,434,NA,490,NA,60841.55859375,66713.875,59590,103546.171875,65912.515625,103269,9501.2802734375,NA,10818.7998046875,NA,9846.900390625,NA,9487.7998046875,NA,7995.77978515625,NA,7781.580078125,NA,8886.240234375,NA,10171.140625,NA,10268.1298828125,NA,10783.580078125,NA,10308.390625,NA,NA,NA,NA,NA,NA,NA,NA,NA
"22-DEC-2020",2020-12-22 09:34:02,"2020-12-22","9H 34M 2S","Unknown","2.16.0","Unknown","Unknown",336,336,336,357,357,357,525,NA,435,NA,590,NA,650,NA,573,NA,462,NA,524,NA,386,NA,450,NA,434,NA,490,NA,61176.95703125,66677.4296875,59982,103733.28125,66107.1328125,103225,9583.83984375,NA,11089.7001953125,NA,9798.3896484375,NA,9552.689453125,NA,7964.15966796875,NA,7746.89990234375,NA,8819.939453125,NA,10226.0400390625,NA,10334.009765625,NA,10898.8701171875,NA,10615.830078125,NA,NA,NA,NA,NA,NA,NA,NA,NA
"21-DEC-2020",2020-12-21 09:38:43,"2020-12-21","9H 38M 43S","Unknown","2.16.0","Unknown","Unknown",336,336,336,357,357,357,525,NA,435,NA,590,NA,650,NA,573,NA,462,NA,524,NA,386,NA,450,NA,434,NA,490,NA,61795.49609375,66844.515625,60432,103523.4921875,66013.0234375,103281,9127.1796875,NA,10721.6201171875,NA,9852.5703125,NA,9634.58984375,NA,8371.1396484375,NA,8111.0400390625,NA,8990.2802734375,NA,10223.6005859375,NA,10369.390625,NA,10878.1298828125,NA,10877.5205078125,NA,NA,NA,NA,NA,NA,NA,NA,NA
"18-DEC-2020",2020-12-18 09:32:31,"2020-12-18","9H 32M 31S","Unknown","2.16.0","Unknown","Unknown",336,336,336,357,357,357,525,NA,435,NA,590,NA,650,NA,573,NA,462,NA,524,NA,386,NA,450,NA,434,NA,490,NA,60203.51953125,66427.80859375,58714,100586.74609375,65661.1171875,99718.5,8829.18994140625,NA,10101.1303710938,NA,9727.51513671875,NA,9247.1396484375,NA,7834.61987304688,NA,7632.14965820312,NA,8769.9599609375,NA,9848.14501953125,NA,9992.10498046875,NA,10399.5854492188,NA,9813.68017578125,NA,NA,NA,NA,NA,NA,NA,NA,NA
"17-DEC-2020",2020-12-17 12:33:51,"2020-12-17","12H 33M 51S","Unknown","2.16.0","Unknown","Unknown",336,336,336,357,357,357,525,NA,435,NA,590,NA,650,NA,573,NA,462,NA,524,NA,386,NA,450,NA,434,NA,490,NA,61764.296875,65625.2421875,61612,104892.4765625,64756.171875,106875,8745.33984375,NA,10115.3203125,NA,10054.169921875,NA,9774.4501953125,NA,8667.9599609375,NA,8335.439453125,NA,9071.8798828125,NA,10011.9306640625,NA,10184.560546875,NA,10684.150390625,NA,10448.6904296875,NA,NA,NA,NA,NA,NA,NA,NA,NA
"17-DEC-2020",2020-12-17 09:17:53,"2020-12-17","9H 17M 53S","Unknown","2.16.0","Unknown","Unknown",335,335,335,357,357,357,530,530,430,430,580,580,650,650,570,570,462,462,530,530,386,386,443,443,430,430,486,486,57452.0859375,65628.8046875,57241,97390.796875,64605.431640625,99100.5,9495.8505859375,9434,9684.67529296875,9513,8012.87475585938,8052.5,9064.25,9026,7543.50024414062,7566,7637.66015625,7663.5,9733.25537109375,8866,10016.4995117188,10039,9023.2998046875,9038.5,10109.1245117188,10187,10180.9497070312,10472.5,NA,NA,NA,NA,NA,NA,NA,NA
"16-DEC-2020",2020-12-16 12:14:01,"2020-12-16","12H 14M 1S","Unknown","2.16.0","Unknown","Unknown",336,336,336,357,357,357,525,NA,435,NA,590,NA,650,NA,573,NA,462,NA,524,NA,386,NA,450,NA,434,NA,490,NA,58996.078125,65203.64453125,59062,93372.9296875,60833.76171875,100371,9011.9404296875,NA,10000.080078125,NA,8904.419921875,NA,8467.830078125,NA,8065.1396484375,NA,7889.69970703125,NA,8732.2197265625,NA,9501.3603515625,NA,9519.0498046875,NA,9594.6904296875,NA,8658.33984375,NA,NA,NA,NA,NA,NA,NA,NA,NA
"14-DEC-2020",2020-12-14 09:38:01,"2020-12-14","9H 38M 1S","Unknown","FACSAriaII","1","Administrator",336,336,336,357,357,357,525,NA,435,NA,590,NA,650,NA,573,NA,462,NA,524,NA,386,NA,450,NA,434,NA,490,NA,60814.2578125,66243.2265625,60081,101722.953125,65638.546875,101709,9374.8603515625,NA,11192.0400390625,NA,9724.6796875,NA,9443.0703125,NA,8467.01953125,NA,8258.939453125,NA,9143.2802734375,NA,10075.98046875,NA,10193.7099609375,NA,10724.41015625,NA,10718.919921875,NA,-61.18,0,27.51,-25.13,0.86,0.63,1.02,0.61
"11-DEC-2020",2020-12-11 08:41:42,"2020-12-11","8H 41M 42S","Unknown","2.16.0","Unknown","Unknown",336,336,336,357,357,357,525,NA,435,NA,590,NA,650,NA,573,NA,462,NA,524,NA,386,NA,450,NA,434,NA,490,NA,61995.95703125,66762.4453125,60816,103242.5078125,65897.8828125,102914,8918.2001953125,NA,8251.7001953125,NA,10023.9296875,NA,9026.009765625,NA,7958.0400390625,NA,7798.919921875,NA,8406.83984375,NA,10321.2001953125,NA,10334.6201171875,NA,10296.1904296875,NA,8072.13037109375,NA,NA,NA,NA,NA,NA,NA,NA,NA
"10-DEC-2020",2020-12-10 10:47:14,"2020-12-10","10H 47M 14S","Unknown","2.16.0","Unknown","Unknown",336,336,336,357,357,357,525,NA,435,NA,590,NA,650,NA,573,NA,462,NA,524,NA,386,NA,450,NA,434,NA,490,NA,62012.3359375,65048.1875,62271,103958.1875,64113.01953125,106907,9309.5,NA,10612.400390625,NA,10003.1396484375,NA,9671.1298828125,NA,8462.939453125,NA,8187.5400390625,NA,8842.3798828125,NA,10325.470703125,NA,10560.9306640625,NA,11004.400390625,NA,10695.1298828125,NA,NA,NA,NA,NA,NA,NA,NA,NA
"10-DEC-2020",2020-12-10 08:42:10,"2020-12-10","8H 42M 10S","Unknown","2.16.0","Unknown","Unknown",335,335,335,357,357,357,530,530,430,430,580,580,650,650,570,570,462,462,530,530,386,386,443,443,430,430,486,486,58354.021484375,65251.978515625,58495.5,97391.4453125,64531.287109375,99158.5,9499.9453125,9508,9540.8955078125,9441,7985.57470703125,8027,8975.19921875,8982.5,7303.28540039062,7395.5,7452.55029296875,7521,9676.0107421875,8887.5,10229.69921875,10348.5,9188.07470703125,9290,10185.8247070312,10307.5,9838.724609375,10250,NA,NA,NA,NA,NA,NA,NA,NA
"09-DEC-2020",2020-12-09 11:23:23,"2020-12-09","11H 23M 23S","Unknown","2.16.0","Unknown","Unknown",336,336,336,357,357,357,525,NA,435,NA,590,NA,650,NA,573,NA,462,NA,524,NA,386,NA,450,NA,434,NA,490,NA,61668.357421875,66940.44921875,60261,102435.1640625,66216.265625,101548.5,9431.18994140625,NA,11184.7299804688,NA,9771.9296875,NA,9550.7998046875,NA,8088.08984375,NA,7905.51000976562,NA,9093.2998046875,NA,10343.16015625,NA,10438.0151367188,NA,11012.6352539062,NA,10898.8701171875,NA,NA,NA,NA,NA,NA,NA,NA,NA
"04-DEC-2020",2020-12-04 08:50:36,"2020-12-04","8H 50M 36S","Unknown","2.16.0","Unknown","Unknown",335,335,335,357,357,357,530,530,430,430,580,580,650,650,570,570,462,462,530,530,386,386,443,443,430,430,486,486,58293.67578125,66044.1640625,57694.5,97849.046875,65412.759765625,98255,10635.169921875,10484,10355.80078125,10124,8089.24951171875,8059.5,8928.3994140625,8814.5,7221.96533203125,7226,7392.09545898438,7361.5,9642.30517578125,8727,10233.9248046875,10148,9169.224609375,9091.5,10175.099609375,10100.5,9514.69970703125,9764,NA,NA,NA,NA,NA,NA,NA,NA
"03-DEC-2020",2020-12-03 09:44:01,"2020-12-03","9H 44M 1S","Unknown","2.16.0","Unknown","Unknown",336,336,336,357,357,357,525,NA,435,NA,590,NA,650,NA,573,NA,462,NA,524,NA,386,NA,450,NA,434,NA,490,NA,61959.296875,66264.671875,61195,104397.9296875,65446.53515625,104993,9404.9599609375,NA,11239.33984375,NA,9865.169921875,NA,9703.8896484375,NA,8393.580078125,NA,8165.099609375,NA,9034.1396484375,NA,10216.2802734375,NA,10343.7705078125,NA,10921.4404296875,NA,10934.25,NA,NA,NA,NA,NA,NA,NA,NA,NA
"02-DEC-2020",2020-12-02 11:59:16,"2020-12-02","11H 59M 16S","Unknown","FACSAriaII","1","Administrator",336,336,336,357,357,357,525,NA,435,NA,590,NA,650,NA,573,NA,462,NA,524,NA,386,NA,450,NA,434,NA,490,NA,62633.21875,66948.734375,61135,105344.1875,66118.75,104770,9324.1201171875,NA,11590.2197265625,NA,10030.8603515625,NA,9824.849609375,NA,8252.8203125,NA,8111.0400390625,NA,9330.9599609375,NA,9464.759765625,NA,9697.169921875,NA,10213.23046875,NA,10495.0498046875,NA,-61.18,0,27.51,-25.13,0.86,0.63,1.02,0.61
"01-DEC-2020",2020-12-01 11:22:39,"2020-12-01","11H 22M 39S","Unknown","2.16.0","Unknown","Unknown",336,336,336,357,357,357,525,NA,435,NA,590,NA,650,NA,573,NA,462,NA,524,NA,386,NA,450,NA,434,NA,490,NA,61968.65625,65729.828125,61790,104702.21875,64830.484375,106665,8883.7998046875,NA,10672.6005859375,NA,9942.0302734375,NA,9834.9296875,NA,9099.419921875,NA,8812.7998046875,NA,9406.439453125,NA,9219.5400390625,NA,9632.509765625,NA,10109.5302734375,NA,10715.259765625,NA,NA,NA,NA,NA,NA,NA,NA,NA
"01-DEC-2020",2020-12-01 09:59:07,"2020-12-01","9H 59M 7S","Unknown","2.16.0","Unknown","Unknown",335,335,335,357,357,357,530,530,430,430,580,580,650,650,570,570,462,462,530,530,386,386,443,443,430,430,486,486,58989.869140625,64883.666015625,59525,100322.9453125,64087.96875,103048,9791.6005859375,9790.5,9966.3203125,9869,8224.12451171875,8373.5,9324.57470703125,9409,8364.1904296875,8448,8492.5908203125,8549,10213.150390625,9335,9304.099609375,9317,8628.4248046875,8636,9457.82470703125,9444.5,10090.599609375,10495,NA,NA,NA,NA,NA,NA,NA,NA
"30-NOV-2020",2020-11-30 09:53:03,"2020-11-30","9H 53M 3S","Unknown","2.16.0","Unknown","Unknown",336,336,336,357,357,357,525,NA,435,NA,590,NA,650,NA,573,NA,462,NA,524,NA,386,NA,450,NA,434,NA,490,NA,61873.107421875,64875.412109375,62302,103201.55859375,64517.1015625,105571,8685.140625,NA,8772.43017578125,NA,9944.5498046875,NA,9317.7001953125,NA,9063.7197265625,NA,8831.16015625,NA,8979.56982421875,NA,9275.66015625,NA,9678.56494140625,NA,9748.10498046875,NA,9010.00537109375,NA,NA,NA,NA,NA,NA,NA,NA,NA
"30-NOV-2020",2020-11-30 09:14:04,"2020-11-30","9H 14M 4S","Unknown","2.16.0","Unknown","Unknown",335,335,335,357,357,357,530,530,430,430,580,580,650,650,570,570,462,462,530,530,386,386,443,443,430,430,486,486,58722.974609375,65065.505859375,59017.5,97331,64172.83984375,99912,9555.91015625,9577.5,8436.6103515625,8367.5,8088.27465820312,8192,8824.724609375,8864,8331.5556640625,8389,8494.1953125,8544.5,9904.990234375,9018.5,9247.5498046875,9286.5,8559.849609375,8615.5,9110.07470703125,9141.5,8640.44921875,9035,NA,NA,NA,NA,NA,NA,NA,NA
"25-NOV-2020",2020-11-25 08:44:48,"2020-11-25","8H 44M 48S","Unknown","2.16.0","Unknown","Unknown",336,336,336,357,357,357,505,NA,411,NA,560,NA,626,NA,511,NA,410,NA,497,NA,359,NA,450,NA,396,NA,416,NA,63922.40234375,68146.96875,61188,106733.2421875,67588.625,103755,6784.26025390625,NA,7182.72021484375,NA,6447.349609375,NA,7211.74951171875,NA,3336.419921875,NA,3218.09985351562,NA,6089.39990234375,NA,5615.81982421875,NA,10023.9296875,NA,5329.7998046875,NA,3115.97998046875,NA,NA,NA,NA,NA,NA,NA,NA,NA
"24-NOV-2020",2020-11-24 10:38:33,"2020-11-24","10H 38M 33S","Unknown","2.16.0","Unknown","Unknown",335,335,335,357,357,357,530,530,430,430,580,580,650,650,570,570,462,462,530,530,386,386,443,443,430,430,486,486,68653.6484375,75572.5234375,59467.5,114297.5390625,74203.7265625,101429.5,11289.810546875,9519,11215.9951171875,9392.5,9505.3203125,8316.5,10631.6396484375,9268.5,9474.96044921875,7921,9667.6806640625,8054.5,12078,9122,11367.9448242188,9258.5,10516.2299804688,8583,11384.955078125,9279,11828.4296875,10018,NA,NA,NA,NA,NA,NA,NA,NA
"23-NOV-2020",2020-11-23 10:40:31,"2020-11-23","10H 40M 31S","Unknown","2.16.0","Unknown","Unknown",336,336,336,357,357,357,505,NA,411,NA,560,NA,626,NA,511,NA,410,NA,497,NA,359,NA,450,NA,396,NA,416,NA,64311.6015625,67487.15234375,62302,107966.296875,67050.95703125,106110.5,7204.90502929688,NA,7359.76513671875,NA,6520.7998046875,NA,7341.74951171875,NA,3702.08984375,NA,3542.4599609375,NA,6305.1298828125,NA,5546.205078125,NA,10001.8798828125,NA,5266.48486328125,NA,3159.13500976562,NA,NA,NA,NA,NA,NA,NA,NA,NA
"20-NOV-2020",2020-11-20 11:33:25,"2020-11-20","11H 33M 25S","Unknown","2.16.0","Unknown","Unknown",336,336,336,357,357,357,505,NA,411,NA,560,NA,626,NA,511,NA,410,NA,497,NA,359,NA,450,NA,396,NA,416,NA,63244.400390625,66981.10546875,61667,105357.1953125,66694.96484375,103808.5,6764.25,NA,6702.47998046875,NA,6374.5498046875,NA,7054.12475585938,NA,3299.18994140625,NA,3177.80993652344,NA,5961.89990234375,NA,5524.78491210938,NA,9878.71533203125,NA,5162.53491210938,NA,2919.419921875,NA,NA,NA,NA,NA,NA,NA,NA,NA
"19-NOV-2020",2020-11-19 09:16:16,"2020-11-19","9H 16M 16S","Unknown","2.16.0","Unknown","Unknown",336,336,336,357,357,357,505,NA,411,NA,560,NA,626,NA,511,NA,410,NA,497,NA,359,NA,450,NA,396,NA,416,NA,47364.6015625,50399.83984375,61330,105759.546875,66888.4296875,103975,6900.83984375,NA,7147.0498046875,NA,6388.849609375,NA,7145.44970703125,NA,3320.09985351562,NA,3193.61987304688,NA,5975.15966796875,NA,5498.009765625,NA,9831.150390625,NA,5214.509765625,NA,3036.60009765625,NA,NA,NA,NA,NA,NA,NA,NA,NA
"18-NOV-2020",2020-11-18 10:15:16,"2020-11-18","10H 15M 16S","Unknown","2.16.0","Unknown","Unknown",335,335,335,357,357,357,530,530,430,430,580,580,650,650,570,570,462,462,530,530,386,386,443,443,430,430,486,486,68186.25,75027.5546875,59431,114113.23828125,73845.88671875,101862.5,11860.3505859375,10017.5,11946.9296875,9982,9457.439453125,8339,10656.7197265625,9298.5,9498.060546875,7823.5,9721.140625,7953.5,11920.9208984375,8894,11293.830078125,9267.5,10493.5498046875,8607,11388.1948242188,9344.5,12042.6752929688,10211,NA,NA,NA,NA,NA,NA,NA,NA
"17-NOV-2020",2020-11-17 09:10:06,"2020-11-17","9H 10M 6S","Unknown","2.16.0","Unknown","Unknown",336,336,336,357,357,357,505,NA,411,NA,560,NA,626,NA,511,NA,410,NA,497,NA,359,NA,450,NA,396,NA,416,NA,63572.80078125,66978.8671875,62034.5,105422.1953125,66547.65234375,104318.5,7393.26025390625,NA,7512.88500976562,NA,6439.22485351562,NA,7152.599609375,NA,3457.80004882812,NA,3375.17993164062,NA,6131.2197265625,NA,5642.27978515625,NA,10079.6850585938,NA,5304.28491210938,NA,3071.88000488281,NA,NA,NA,NA,NA,NA,NA,NA,NA
"16-NOV-2020",2020-11-16 10:04:13,"2020-11-16","10H 4M 13S","Unknown","2.16.0","Unknown","Unknown",336,336,336,357,357,357,505,NA,411,NA,560,NA,626,NA,511,NA,410,NA,497,NA,359,NA,450,NA,396,NA,416,NA,63584.80078125,66927.734375,62141,106099.5,66661.34375,105015,7389.7802734375,NA,7520.2802734375,NA,6482.44970703125,NA,7212.39990234375,NA,3756.65991210938,NA,3635.28002929688,NA,6340.31982421875,NA,5641.64990234375,NA,10136.0703125,NA,5335.4697265625,NA,3172.05004882812,NA,NA,NA,NA,NA,NA,NA,NA,NA
"11-NOV-2020",2020-11-11 09:51:45,"2020-11-11","9H 51M 45S","Unknown","2.16.0","Unknown","Unknown",335,335,335,357,357,357,530,530,430,430,580,580,650,650,570,570,462,462,530,530,386,386,443,443,430,430,486,486,53000.0234375,65273.673828125,53236,87466.12109375,65420.576171875,88037,9774.66015625,9914,10049.9404296875,10052.5,7431.27978515625,7427,8241.81982421875,8173.5,7942.4404296875,7973,8237.46044921875,8265.5,10879.4404296875,10000,8979.2548828125,9058,8232.43505859375,8324,9255.06005859375,9310.5,9701.77490234375,10036,NA,NA,NA,NA,NA,NA,NA,NA
"11-NOV-2020",2020-11-11 09:37:55,"2020-11-11","9H 37M 55S","Unknown","2.16.0","Unknown","Unknown",335,335,335,357,357,357,530,530,430,430,580,580,650,650,570,570,462,462,530,530,386,386,443,443,430,430,486,486,46145.08984375,56163.3203125,53884.5,76609.8359375,56828.501953125,88767,0.930000007152557,43,0,30,6423.1201171875,7314.5,7160.34033203125,8136.5,-85.5,66,-91.1999969482422,14,-87.7799987792969,32,402.670013427734,562,354.095016479492,499,507.860015869141,697.5,643.535003662109,850,NA,NA,NA,NA,NA,NA,NA,NA
"10-NOV-2020",2020-11-10 10:25:02,"2020-11-10","10H 25M 2S","Unknown","2.16.0","Unknown","",336,336,336,357,357,357,505,NA,411,NA,560,NA,626,NA,511,NA,410,NA,497,NA,359,NA,450,NA,396,NA,416,NA,64548,67771.609375,62387,108868.4921875,67598.5,106231,6992.18994140625,NA,7272.330078125,NA,6577.349609375,NA,7311.19970703125,NA,3809.69995117188,NA,3734.21997070312,NA,6630,NA,5717.25,NA,10224.26953125,NA,5414.85009765625,NA,3134.25,NA,NA,NA,NA,NA,NA,NA,NA,NA
"09-NOV-2020",2020-11-09 10:37:17,"2020-11-09","10H 37M 17S","Unknown","2.16.0","Unknown","Unknown",335,335,335,357,357,357,530,530,430,430,580,580,650,650,570,570,462,462,530,530,386,386,443,443,430,430,486,486,60264.259765625,65861.08984375,59927.5,100881.00390625,65395.76953125,101718,10141.650390625,10136,10256.0400390625,10120,8410.3798828125,8408.5,9543.2705078125,9463.5,9204.3603515625,8704,9545.2197265625,8976,11629.1396484375,9908,9541.8056640625,9409,8862.759765625,8720,9532.759765625,9397,10134.0849609375,10324,NA,NA,NA,NA,NA,NA,NA,NA
"06-NOV-2020",2020-11-06 09:51:18,"2020-11-06","9H 51M 18S","Unknown","2.16.0","Unknown","Unknown",335,335,335,357,357,357,530,530,430,430,580,580,650,650,570,570,462,462,530,530,386,386,443,443,430,430,486,486,60888.28125,66538.06640625,59897,100976.046875,65872.484375,101092,11006.5498046875,10987.5,11296.7099609375,11257,8470.4404296875,8351.5,9561.75,9373.5,8752.919921875,8201,9116.009765625,8496,11328.1796875,9564,9797.0751953125,9547,8968.6201171875,8738.5,9926.38525390625,9693,10467.0751953125,10580,NA,NA,NA,NA,NA,NA,NA,NA
"04-NOV-2020",2020-11-04 10:00:04,"2020-11-04","10H 0M 4S","Unknown","2.16.0","Unknown","Unknown",336,336,336,357,357,357,505,NA,411,NA,560,NA,626,NA,511,NA,410,NA,497,NA,359,NA,450,NA,396,NA,416,NA,63381.201171875,67034.203125,61079,102910.59765625,66891.99609375,100764.5,7371.94506835938,NA,7688.625,NA,6503.89990234375,NA,7165.27465820312,NA,3531.75,NA,3476.15991210938,NA,6276.57006835938,NA,5549.669921875,NA,9902.02490234375,NA,5377.9951171875,NA,3151.57495117188,NA,NA,NA,NA,NA,NA,NA,NA,NA
"03-NOV-2020",2020-11-03 09:29:25,"2020-11-03","9H 29M 25S","Unknown","2.16.0","Unknown","Unknown",335,335,335,357,357,357,530,530,430,430,580,580,650,650,570,570,462,462,530,530,386,386,443,443,430,430,486,486,59258.12109375,64838.640625,59873,96695.9453125,63974.12890625,99728,10098.8701171875,10205,10140.7197265625,10094,8145.060546875,8269,9266.400390625,9362,8825.8798828125,8390,9081.240234375,8583,11029.5,9471,9599.08984375,9551,8829.259765625,8813,9691.5498046875,9625,10264.400390625,10616,NA,NA,NA,NA,NA,NA,NA,NA
"28-OCT-2020",2020-10-28 09:33:51,"2020-10-28","9H 33M 51S","Unknown","2.16.0","Unknown","Unknown",335,335,335,357,357,357,530,530,430,430,580,580,650,650,570,570,462,462,530,530,386,386,443,443,430,430,486,486,59246.640625,65137.25390625,59633,100164.2421875,64268.14453125,102675,9527.849609375,9557,9669.2099609375,9606,8350.3203125,8451,9452.5205078125,9502,9308.099609375,8881,9585.1201171875,9098,11358.9599609375,9763,9555.5400390625,9583,8852.7099609375,8841,9686.8603515625,9679,10305.2705078125,10677,NA,NA,NA,NA,NA,NA,NA,NA
"26-OCT-2020",2020-10-26 09:50:34,"2020-10-26","9H 50M 34S","Unknown","2.16.0","Unknown","Unknown",335,335,335,357,357,357,530,530,430,430,580,580,650,650,570,570,462,462,530,530,386,386,443,443,430,430,486,486,58892.3984375,64006.267578125,60399,98918.1640625,63457.150390625,102942,10465.2900390625,10581,10425.2998046875,10442,8202.150390625,8399.5,9290.490234375,9442,9328.6201171875,8904,9557.18994140625,9103,11133.240234375,9592,9571.6201171875,9628,8872.4755859375,8915,9677.48046875,9689,10365.2353515625,10823.5,NA,NA,NA,NA,NA,NA,NA,NA
"21-OCT-2020",2020-10-21 12:23:43,"2020-10-21","12H 23M 43S","Unknown","FACSAriaII","1","Administrator",336,336,336,357,357,357,505,NA,411,NA,560,NA,626,NA,511,NA,410,NA,497,NA,359,NA,450,NA,396,NA,416,NA,63422.40234375,64900.83984375,64107,107933.46875,64769.76171875,109956,6608.52001953125,NA,6698.1298828125,NA,6519.5,NA,7214.67456054688,NA,3862.73999023438,NA,3718.919921875,NA,6323.48999023438,NA,5459.580078125,NA,9846.26953125,NA,5243.48974609375,NA,3148.73999023438,NA,-60.95,0,27.47,-25.01,0.87,0.65,1.02,0.63
"20-OCT-2020",2020-10-20 12:38:23,"2020-10-20","12H 38M 23S","Unknown","2.16.0","Unknown","Unknown",336,336,336,357,357,357,505,NA,411,NA,560,NA,626,NA,511,NA,410,NA,497,NA,359,NA,450,NA,396,NA,416,NA,64354.400390625,66475.1640625,63426,107741.72265625,65993.46875,107631,7120.080078125,NA,7335.83984375,NA,6485.0498046875,NA,7262.12475585938,NA,3870.89990234375,NA,3760.73999023438,NA,6472.40991210938,NA,5596.2900390625,NA,10088.5048828125,NA,5401.6201171875,NA,3245.44494628906,NA,NA,NA,NA,NA,NA,NA,NA,NA
"19-OCT-2020",2020-10-19 11:37:28,"2020-10-19","11H 37M 28S","Unknown","2.16.0","Unknown","Unknown",336,336,336,357,357,357,505,NA,411,NA,560,NA,626,NA,511,NA,410,NA,497,NA,359,NA,450,NA,396,NA,416,NA,63880,66803.0625,62669,109423.59765625,66505.5546875,108440.5,7137.47998046875,NA,7311.9150390625,NA,6613.099609375,NA,7354.74951171875,NA,3829.07983398438,NA,3728.09985351562,NA,6444.35986328125,NA,5574.23974609375,NA,10004.3999023438,NA,5324.759765625,NA,3168.89990234375,NA,NA,NA,NA,NA,NA,NA,NA,NA
"16-OCT-2020",2020-10-16 13:27:17,"2020-10-16","13H 27M 17S","Unknown","2.16.0","Unknown","Unknown",336,336,336,357,357,357,505,NA,411,NA,560,NA,626,NA,511,NA,410,NA,497,NA,359,NA,450,NA,396,NA,416,NA,63844.80078125,66181.796875,63215,108386.84375,66015.515625,108254,7199.25,NA,7266.240234375,NA,6552.64990234375,NA,7269.599609375,NA,3853.55981445312,NA,3743.39990234375,NA,6456.60009765625,NA,5581.7998046875,NA,10052.2802734375,NA,5337.98974609375,NA,3132.98999023438,NA,NA,NA,NA,NA,NA,NA,NA,NA
"15-OCT-2020",2020-10-15 14:03:39,"2020-10-15","14H 3M 39S","Unknown","2.16.0","Unknown","Unknown",336,336,336,357,357,357,505,NA,411,NA,560,NA,626,NA,511,NA,410,NA,497,NA,359,NA,450,NA,396,NA,416,NA,63559.19921875,67272.6640625,61933,108538.9453125,66821.2109375,107057,6729.4501953125,NA,6993.93017578125,NA,6518.19970703125,NA,7228.64990234375,NA,3862.73999023438,NA,3748.5,NA,6482.10009765625,NA,5595.02978515625,NA,10042.2001953125,NA,5363.18994140625,NA,3216.78002929688,NA,NA,NA,NA,NA,NA,NA,NA,NA
"14-OCT-2020",2020-10-14 11:35:08,"2020-10-14","11H 35M 8S","Unknown","2.16.0","Unknown","Unknown",336,336,336,357,357,357,505,NA,411,NA,560,NA,626,NA,511,NA,410,NA,497,NA,359,NA,450,NA,396,NA,416,NA,63316,66287.05078125,62503.5,105946.421875,66050.7578125,105846,7413.27001953125,NA,7508.10009765625,NA,6466.52465820312,NA,7101.89990234375,NA,3819.89990234375,NA,3720.9599609375,NA,6467.30981445312,NA,5612.0400390625,NA,10064.8798828125,NA,5303.02490234375,NA,3098.02502441406,NA,NA,NA,NA,NA,NA,NA,NA,NA
"13-OCT-2020",2020-10-13 12:33:03,"2020-10-13","12H 33M 3S","Unknown","2.16.0","Unknown","Unknown",336,336,336,357,357,357,505,NA,411,NA,560,NA,626,NA,511,NA,410,NA,497,NA,359,NA,450,NA,396,NA,416,NA,64356,66263.640625,63607,107790.1484375,66089.4921875,107627,7300.169921875,NA,7509.83984375,NA,6539,NA,7257.24951171875,NA,3850.5,NA,3730.13989257812,NA,6416.81982421875,NA,5575.5,NA,10068.0302734375,NA,5401.6201171875,NA,3236.93994140625,NA,NA,NA,NA,NA,NA,NA,NA,NA
"12-OCT-2020",2020-10-12 09:30:14,"2020-10-12","9H 30M 14S","Unknown","2.16.0","Unknown","Unknown",335,335,335,357,357,357,530,530,430,430,580,580,650,650,570,570,462,462,530,530,386,386,443,443,430,430,486,486,60021.5390625,65587.875,60036,101221.5625,65025.390625,102598,10208.6103515625,10188,10400.1904296875,10232,8374.740234375,8401,9479.580078125,9431,9382.2001953125,8865,9700.259765625,9118,11406.83984375,9683,9558.890625,9500,8892.91015625,8806,9805.4501953125,9681,10433.91015625,10718,NA,NA,NA,NA,NA,NA,NA,NA
"09-OCT-2020",2020-10-09 13:40:05,"2020-10-09","13H 40M 5S","Unknown","2.16.0","Unknown","Unknown",336,336,336,357,357,357,505,NA,411,NA,560,NA,626,NA,511,NA,410,NA,497,NA,359,NA,450,NA,396,NA,416,NA,64876.80078125,65368.7890625,65045,106753.3984375,65035.41015625,108199,6618.9599609375,NA,6724.22998046875,NA,6560.44970703125,NA,7309.89990234375,NA,3832.13989257812,NA,3689.33984375,NA,6394.3798828125,NA,5568.56982421875,NA,10025.8203125,NA,5332.31982421875,NA,3168.89990234375,NA,NA,NA,NA,NA,NA,NA,NA,NA
"09-OCT-2020",2020-10-09 09:29:01,"2020-10-09","9H 29M 1S","Unknown","2.16.0","Unknown","Unknown",335,335,335,357,357,357,530,530,430,430,580,580,650,650,570,570,462,462,530,530,386,386,443,443,430,430,486,486,59943.640625,64333.0234375,61047,99637.5625,63729.53125,103113,9718.5,9820,9812.4296875,9820,8357.580078125,8513,9384.5400390625,9520,9319.5,8865,9604.5,9128,11353.259765625,9772,9713.66015625,9720,8978,8985,9840.2900390625,9841,10507.6103515625,10888,NA,NA,NA,NA,NA,NA,NA,NA
"05-OCT-2020",2020-10-05 10:08:44,"2020-10-05","10H 8M 44S","Unknown","2.16.0","Unknown","Unknown",336,336,336,357,357,357,505,NA,411,NA,560,NA,626,NA,511,NA,410,NA,497,NA,359,NA,450,NA,396,NA,416,NA,64185.6015625,66194.35546875,63553.5,107458.3203125,65973.83984375,107324.5,6707.26513671875,NA,6853.42504882812,NA,6544.52465820312,NA,7300.47485351562,NA,3874.97998046875,NA,3762.78002929688,NA,6455.580078125,NA,5624.955078125,NA,10112.759765625,NA,5378.93994140625,NA,3247.64990234375,NA,NA,NA,NA,NA,NA,NA,NA,NA
"01-OCT-2020",2020-10-01 11:12:18,"2020-10-01","11H 12M 18S","Unknown","2.16.0","Unknown","Unknown",336,336,336,357,357,357,505,NA,411,NA,560,NA,626,NA,511,NA,410,NA,497,NA,359,NA,450,NA,396,NA,416,NA,62758.40234375,65431.640625,62869,105183.6484375,65313.7734375,106107,6914.76025390625,NA,7134,NA,6396.64990234375,NA,7175.349609375,NA,3749.52001953125,NA,3635.28002929688,NA,6398.4599609375,NA,5489.81982421875,NA,9916.830078125,NA,5325.39013671875,NA,3224.96997070312,NA,NA,NA,NA,NA,NA,NA,NA,NA
"29-SEP-2020",2020-09-29 10:31:33,"2020-09-29","10H 31M 33S","Unknown","2.16.0","Unknown","Unknown",336,336,336,357,357,357,505,NA,411,NA,560,NA,626,NA,511,NA,410,NA,497,NA,359,NA,450,NA,396,NA,416,NA,61628.80078125,66159.203125,61035,105428.6953125,66002.2265625,105209,7295.81982421875,NA,7207.9501953125,NA,6433.0498046875,NA,7047.2998046875,NA,3685.26000976562,NA,3584.28002929688,NA,6342.35986328125,NA,5386.5,NA,9690.66015625,NA,5130.7197265625,NA,2950.919921875,NA,NA,NA,NA,NA,NA,NA,NA,NA
"28-SEP-2020",2020-09-28 13:07:47,"2020-09-28","13H 7M 47S","Unknown","2.16.0","Unknown","Unknown",336,336,336,357,357,357,505,NA,411,NA,560,NA,626,NA,511,NA,410,NA,497,NA,359,NA,450,NA,396,NA,416,NA,63275.19921875,65752.0546875,63135,104856.6953125,65393.80078125,105684,6991.31982421875,NA,7102.68017578125,NA,6436.94970703125,NA,7153.24951171875,NA,3712.80004882812,NA,3571.02001953125,NA,6283.19970703125,NA,5385.23974609375,NA,9718.3798828125,NA,5159.06982421875,NA,3075.03002929688,NA,NA,NA,NA,NA,NA,NA,NA,NA
"28-SEP-2020",2020-09-28 09:56:29,"2020-09-28","9H 56M 29S","Unknown","2.16.0","Unknown","Unknown",335,335,335,357,357,357,530,530,430,430,580,580,650,650,570,570,462,462,530,530,386,386,443,443,430,430,486,486,57529.55859375,64223.70703125,58743,96022.7421875,63604.58203125,99632,9521.33984375,9659,9763.1396484375,9763,7999.8603515625,8174,9057.8408203125,9212,8903.3994140625,8484,9202.080078125,8737,11096.759765625,9543,9097.259765625,9187,8454.060546875,8536,9249.3505859375,9359,10074.7900390625,10507,NA,NA,NA,NA,NA,NA,NA,NA
"25-SEP-2020",2020-09-25 09:52:06,"2020-09-25","9H 52M 6S","Unknown","2.16.0","Unknown","Unknown",336,336,336,357,357,357,505,NA,411,NA,560,NA,626,NA,511,NA,410,NA,497,NA,359,NA,450,NA,396,NA,416,NA,59879.19921875,65472.69140625,59944.5,101610.921875,65315.51171875,102506.5,6554.580078125,NA,5874.67504882812,NA,6196.44970703125,NA,6660.5498046875,NA,3633.23999023438,NA,3529.19995117188,NA,6132.23974609375,NA,5206.63500976562,NA,9367.78466796875,NA,4844.38500976562,NA,2580.47998046875,NA,NA,NA,NA,NA,NA,NA,NA,NA
"23-SEP-2020",2020-09-23 12:09:01,"2020-09-23","12H 9M 1S","Unknown","2.16.0","Unknown","Unknown",336,336,336,357,357,357,505,NA,411,NA,560,NA,626,NA,511,NA,410,NA,497,NA,359,NA,450,NA,396,NA,416,NA,64551.19921875,65513.30859375,64664,108410.8984375,65198.65234375,109553,6807.75,NA,6840.81005859375,NA,6617,NA,7277.39990234375,NA,3914.76000976562,NA,3780.11987304688,NA,6430.080078125,NA,5615.81982421875,NA,10078.740234375,NA,5295.14990234375,NA,3139.919921875,NA,NA,NA,NA,NA,NA,NA,NA,NA
"23-SEP-2020",2020-09-23 09:33:50,"2020-09-23","9H 33M 50S","Unknown","2.16.0","Unknown","Unknown",335,335,335,357,357,357,530,530,430,430,580,580,650,650,570,570,462,462,530,530,386,386,443,443,430,430,486,486,61231.859375,64765.16796875,61955,99180.51171875,64275.67578125,101771.5,9807.7802734375,9892.5,9860.3251953125,9861.5,8355.6005859375,8453,9430.41015625,9484,9357.1201171875,8897.5,9678.599609375,9169,11462.1298828125,9821,9739.455078125,9728,9012.83984375,9000,9877.810546875,9834.5,10513.9755859375,10869,NA,NA,NA,NA,NA,NA,NA,NA
"16-SEP-2020",2020-09-16 11:31:05,"2020-09-16","11H 31M 5S","Unknown","2.16.0","Unknown","Unknown",335,335,335,357,357,357,530,530,430,430,580,580,650,650,570,570,462,462,530,530,386,386,443,443,430,430,486,486,60916.16015625,63495.15234375,63004,100292.9453125,62775.64453125,105267,10193.73046875,10364,9888.6904296875,9936,8502.7802734375,8814,9511.2607421875,9810,9571.439453125,9367,9802.8603515625,9521,11354.3994140625,10012,9528.740234375,9716,8846.6806640625,9012,9534.1005859375,9676,9930.740234375,10490,NA,NA,NA,NA,NA,NA,NA,NA
"16-SEP-2020",2020-09-16 08:40:03,"2020-09-16","8H 40M 3S","Unknown","2.16.0","Unknown","Unknown",336,336,336,357,357,357,505,NA,411,NA,560,NA,626,NA,511,NA,410,NA,497,NA,359,NA,450,NA,396,NA,416,NA,65461.6015625,67095.3671875,63902,108399.1953125,66670.3359375,107232,7369.77001953125,NA,7602.93017578125,NA,6722.94970703125,NA,7384.64990234375,NA,3879.05981445312,NA,3796.43994140625,NA,6729.9599609375,NA,5792.2197265625,NA,10301.759765625,NA,5510.60986328125,NA,3155.0400390625,NA,NA,NA,NA,NA,NA,NA,NA,NA
"15-SEP-2020",2020-09-15 10:46:22,"2020-09-15","10H 46M 22S","Unknown","2.16.0","Unknown","Unknown",335,335,335,357,357,357,530,530,430,430,580,580,650,650,570,570,462,462,530,530,386,386,443,443,430,430,486,486,60993.23828125,64442.84375,61954,100457.9453125,63855.765625,103683,9649.6796875,9752,9704.5498046875,9733,8418.30078125,8606,9478.919921875,9614,9540.66015625,9167,9794.8798828125,9361,11402.2802734375,9849,9544.8203125,9614,8865.4404296875,8897,9601.1005859375,9663,10300.580078125,10755,NA,NA,NA,NA,NA,NA,NA,NA
"11-SEP-2020",2020-09-11 10:37:16,"2020-09-11","10H 37M 16S","Unknown","2.16.0","Unknown","Unknown",335,335,335,357,357,357,530,530,430,430,580,580,650,650,570,570,462,462,530,530,386,386,443,443,430,430,486,486,60775.94140625,63401.216796875,62856,101268.42578125,62892.208984375,106077,10528.5302734375,10697.5,10611.2998046875,10716,8487.6005859375,8778,9558.1201171875,9829,9414.1201171875,9170,9606.7802734375,9338,11124.6899414062,9798.5,9535.4404296875,9706.5,8903.294921875,9075.5,9777.98046875,9941,10669.75,11217,NA,NA,NA,NA,NA,NA,NA,NA
"09-SEP-2020",2020-09-09 17:03:51,"2020-09-09","17H 3M 51S","Unknown","2.16.0","Unknown","Unknown",336,336,336,357,357,357,505,NA,411,NA,560,NA,626,NA,511,NA,410,NA,497,NA,359,NA,450,NA,396,NA,416,NA,65613.6015625,65065.04296875,66039,108869.1484375,64973.08203125,110392,7415.01025390625,NA,7602.06005859375,NA,6682.64990234375,NA,7419.74951171875,NA,3952.5,NA,3817.85986328125,NA,6666.7197265625,NA,5707.169921875,NA,10274.669921875,NA,5515.64990234375,NA,3225.60009765625,NA,NA,NA,NA,NA,NA,NA,NA,NA
"03-SEP-2020",2020-09-03 12:15:22,"2020-09-03","12H 15M 22S","Unknown","2.16.0","Unknown","Unknown",336,336,336,357,357,357,505,NA,411,NA,560,NA,626,NA,511,NA,410,NA,497,NA,359,NA,450,NA,396,NA,416,NA,65045.44140625,64603.95703125,65631,111207.0390625,64697.48828125,111947,7072.64013671875,NA,7560.26025390625,NA,6834.56005859375,NA,7503.35986328125,NA,4344.2001953125,NA,4251.1103515625,NA,7293.1201171875,NA,5359.41015625,NA,9496.6201171875,NA,5035.58984375,NA,2910.60009765625,NA,NA,NA,NA,NA,NA,NA,NA,NA
"01-SEP-2020",2020-09-01 10:26:44,"2020-09-01","10H 26M 44S","Unknown","2.16.0","Unknown","Unknown",336,336,336,357,357,357,505,NA,411,NA,560,NA,626,NA,511,NA,410,NA,497,NA,359,NA,450,NA,396,NA,416,NA,60454.91015625,63571.984375,62090.5,101517.24609375,63449.296875,104641,7386.06005859375,NA,7348.39501953125,NA,6306.30029296875,NA,6891.06005859375,NA,4162.7099609375,NA,4098.2998046875,NA,7089.65966796875,NA,5119.13525390625,NA,9151.5302734375,NA,4753.64990234375,NA,2637.1201171875,NA,NA,NA,NA,NA,NA,NA,NA,NA
"01-SEP-2020",2020-09-01 10:00:41,"2020-09-01","10H 0M 41S","Unknown","2.16.0","Unknown","Unknown",335,335,335,357,357,357,530,530,430,430,580,580,650,650,570,570,462,462,530,530,386,386,443,443,430,430,486,486,59666.890625,63852.408203125,61146.5,103135.234375,63733.462890625,105640,9938.4453125,9973,10071.4350585938,10046.5,8752.2607421875,8865,9812.55078125,9920.5,9952.77001953125,9770.5,10315.8603515625,10115,11910.1499023438,10549,8793.75,8979.5,8074.84033203125,8258.5,8826.9150390625,9023,9078.5,9517,NA,NA,NA,NA,NA,NA,NA,NA
"28-AUG-2020",2020-08-28 08:28:47,"2020-08-28","8H 28M 47S","Unknown","2.16.0","Unknown","Unknown",335,335,335,357,357,357,530,530,430,430,580,580,650,650,570,570,462,462,530,530,386,386,443,443,430,430,486,486,61191.26953125,64173.16796875,62326.5,105745.53515625,64020.861328125,108189.5,9669.2099609375,9613,8717.35498046875,8596,9040.0205078125,9140.5,9411.9306640625,9507,10184.1899414062,9919,10524.4794921875,10237.5,11051.16015625,9640.5,9115.3505859375,9258,8362.2705078125,8492,8604.810546875,8755.5,7857.76025390625,8236.5,NA,NA,NA,NA,NA,NA,NA,NA
"27-AUG-2020",2020-08-27 10:58:22,"2020-08-27","10H 58M 22S","Unknown","2.16.0","Unknown","Unknown",336,336,336,357,357,357,505,NA,411,NA,560,NA,626,NA,511,NA,410,NA,497,NA,359,NA,450,NA,396,NA,416,NA,65351.9609375,65518.208984375,65137,113566.71484375,65450.76171875,113211,7092.419921875,NA,6576.85009765625,NA,6916.47998046875,NA,7122.8798828125,NA,4480.09033203125,NA,4357.0400390625,NA,6707.83056640625,NA,5328.5400390625,NA,9472.0498046875,NA,4687.830078125,NA,2425.18493652344,NA,NA,NA,NA,NA,NA,NA,NA,NA
"26-AUG-2020",2020-08-26 12:16:47,"2020-08-26","12H 16M 47S","Unknown","2.16.0","Unknown","Unknown",336,336,336,357,357,357,505,NA,411,NA,560,NA,626,NA,511,NA,410,NA,497,NA,359,NA,450,NA,396,NA,416,NA,63711.1328125,63727.7421875,65456,108848.640625,63431.73046875,112367,6943.64013671875,NA,6530.84033203125,NA,6749.43994140625,NA,7068.15966796875,NA,4337.7802734375,NA,4179.42041015625,NA,6494.900390625,NA,4881.23974609375,NA,8804.25,NA,4409.3701171875,NA,2324.69995117188,NA,NA,NA,NA,NA,NA,NA,NA,NA
"26-AUG-2020",2020-08-26 08:40:47,"2020-08-26","8H 40M 47S","Unknown","FACSAriaII","1","Administrator",335,335,335,357,357,357,530,530,430,430,580,580,650,650,570,570,462,462,530,530,386,386,443,443,430,430,486,486,61299.509765625,63782.65625,62704,107995.14453125,63742.93359375,110970.5,10068.1796875,10072,9619.455078125,9497,8937.720703125,9086.5,9471.66015625,9607,10090.1396484375,9986,10445.8203125,10300,11076.8100585938,9835.5,9019.5400390625,9277.5,8299.9599609375,8547,8604.140625,8841.5,8222.91015625,8678,-55.55,0,25.16,-22.66,0.93,0.66,1.14,0.67
"25-AUG-2020",2020-08-25 10:33:34,"2020-08-25","10H 33M 34S","Unknown","2.16.0","Unknown","Unknown",336,336,336,357,357,357,505,NA,411,NA,560,NA,626,NA,511,NA,410,NA,497,NA,359,NA,450,NA,396,NA,416,NA,63899.15234375,64914.13671875,64217,111909.1171875,64906.21484375,112292,7216.26025390625,NA,7371.06005859375,NA,6691.19970703125,NA,7100.15966796875,NA,4335.64013671875,NA,4230.7802734375,NA,6669.310546875,NA,5287.58984375,NA,9390.7802734375,NA,4730.0400390625,NA,2657.96997070312,NA,NA,NA,NA,NA,NA,NA,NA,NA
"20-AUG-2020",2020-08-20 10:12:17,"2020-08-20","10H 12M 17S","Unknown","2.16.0","Unknown","Unknown",336,336,336,357,357,357,505,NA,411,NA,560,NA,626,NA,511,NA,410,NA,497,NA,359,NA,450,NA,396,NA,416,NA,66848.22265625,65255.005859375,66854,116339.51953125,65262.5078125,116357,6968.15014648438,NA,6790.13012695312,NA,7053.43994140625,NA,7196.7998046875,NA,4500.42041015625,NA,4388.0703125,NA,6227.93530273438,NA,5630.625,NA,9918.08984375,NA,4819.81494140625,NA,2467.080078125,NA,NA,NA,NA,NA,NA,NA,NA,NA
"19-AUG-2020",2020-08-19 11:25:52,"2020-08-19","11H 25M 52S","Unknown","2.16.0","Unknown","Unknown",336,336,336,357,357,357,505,NA,411,NA,560,NA,626,NA,511,NA,410,NA,497,NA,359,NA,450,NA,396,NA,416,NA,65492.58203125,64349.138671875,66487,114106.875,64200.6875,116290,6648.66015625,NA,6545.89013671875,NA,6974.39990234375,NA,7185.919921875,NA,4418.0302734375,NA,4270.3701171875,NA,6037.47534179688,NA,5445.7197265625,NA,9732.8701171875,NA,4730.669921875,NA,2521.57495117188,NA,NA,NA,NA,NA,NA,NA,NA,NA
"18-AUG-2020",2020-08-18 09:16:27,"2020-08-18","9H 16M 27S","Unknown","2.16.0","Unknown","Unknown",336,336,336,357,357,357,505,NA,411,NA,560,NA,626,NA,511,NA,410,NA,497,NA,359,NA,450,NA,396,NA,416,NA,66086.26953125,65526.546875,65881.5,115801.59765625,65430.232421875,115648,6400.97998046875,NA,6434.94995117188,NA,6978.23999023438,NA,7203.51977539062,NA,4418.0302734375,NA,4275.72021484375,NA,6115.58520507812,NA,5497.3798828125,NA,9729.08984375,NA,4764.375,NA,2508.65991210938,NA,NA,NA,NA,NA,NA,NA,NA,NA
"17-AUG-2020",2020-08-17 09:43:13,"2020-08-17","9H 43M 13S","Unknown","2.16.0","Unknown","Unknown",335,335,335,357,357,357,530,530,430,430,580,580,650,650,570,570,462,462,530,530,386,386,443,443,430,430,486,486,61461.05078125,63707.193359375,62992.5,105170.01171875,63587.48828125,108090.5,9110.7451171875,9091,8946.599609375,8886,8863.470703125,9012,9292.80078125,9418,10076.4599609375,9955,10295.9096679688,10122,9884.939453125,8814.5,9029.58984375,9213,8298.28515625,8481.5,8388.400390625,8616,8156.9150390625,8565.5,NA,NA,NA,NA,NA,NA,NA,NA
"14-AUG-2020",2020-08-14 09:34:39,"2020-08-14","9H 34M 39S","Unknown","2.16.0","Unknown","Unknown",336,336,336,357,357,357,505,NA,411,NA,560,NA,626,NA,511,NA,410,NA,497,NA,359,NA,450,NA,396,NA,416,NA,66954.875,64826.52734375,67373,116350.71875,64912.8125,116754,6754.43994140625,NA,6388.080078125,NA,7178.8798828125,NA,7203.83984375,NA,4527.17041015625,NA,4382.72021484375,NA,6168.55029296875,NA,5374.52978515625,NA,9497.8798828125,NA,4609.7099609375,NA,2321.55004882812,NA,NA,NA,NA,NA,NA,NA,NA,NA
"13-AUG-2020",2020-08-13 13:30:50,"2020-08-13","13H 30M 50S","Unknown","2.16.0","Unknown","Unknown",335,335,335,357,357,357,530,530,430,430,580,580,650,650,570,570,462,462,530,530,386,386,443,443,430,430,486,486,59927.23828125,62660.43359375,62482.5,104057.2578125,62313.4921875,108917.5,9356.73046875,9391,8629.4697265625,8618,8807.7001953125,9140,9127.80029296875,9434.5,9733.89013671875,9744.5,9833.6396484375,9792.5,9365.669921875,8483,7765.97021484375,8094.5,7199.150390625,7502,7244.37524414062,7534,6755.9453125,7229,NA,NA,NA,NA,NA,NA,NA,NA
"13-AUG-2020",2020-08-13 10:08:01,"2020-08-13","10H 8M 1S","Unknown","2.16.0","Unknown","Unknown",336,336,336,357,357,357,505,NA,411,NA,560,NA,626,NA,511,NA,410,NA,497,NA,359,NA,450,NA,396,NA,416,NA,61155.48046875,61836.12109375,64664,106583.0390625,61919.8515625,112521,6566.10009765625,NA,6304.66015625,NA,6549.759765625,NA,6705.919921875,NA,4301.400390625,NA,4110.9404296875,NA,5746.97021484375,NA,5200.64990234375,NA,9388.259765625,NA,4536.6298828125,NA,2463.30004882812,NA,NA,NA,NA,NA,NA,NA,NA,NA
"12-AUG-2020",2020-08-12 10:47:52,"2020-08-12","10H 47M 52S","Unknown","2.16.0","Unknown","Unknown",336,336,336,357,357,357,505,NA,411,NA,560,NA,626,NA,511,NA,410,NA,497,NA,359,NA,450,NA,396,NA,416,NA,64258.20703125,64248.708984375,65339.5,112127.03515625,64132.04296875,114437,6501.60009765625,NA,6395.8203125,NA,6834.56005859375,NA,6983.0400390625,NA,4372.02001953125,NA,4216.8701171875,NA,5918.70532226562,NA,5154.02978515625,NA,9225.7197265625,NA,4500.40478515625,NA,2411.01000976562,NA,NA,NA,NA,NA,NA,NA,NA,NA
"11-AUG-2020",2020-08-11 09:18:05,"2020-08-11","9H 18M 5S","Unknown","2.16.0","Unknown","Unknown",335,335,335,357,357,357,530,530,430,430,580,580,650,650,570,570,462,462,530,530,386,386,443,443,430,430,486,486,60980.529296875,63224.130859375,63140,106359.99609375,63135.435546875,110090.5,9096.794921875,9168,8964.7353515625,8932,8849.9404296875,9052,9238.6806640625,9440.5,9998.939453125,9869.5,10240.6201171875,10093.5,9780.0595703125,8728.5,8876.16015625,9144.5,8151.22021484375,8421.5,8282.875,8570,8069.81518554688,8570,NA,NA,NA,NA,NA,NA,NA,NA
"10-AUG-2020",2020-08-10 09:36:50,"2020-08-10","9H 36M 50S","Unknown","2.16.0","Unknown","Unknown",336,336,336,357,357,357,505,NA,411,NA,560,NA,626,NA,511,NA,410,NA,497,NA,359,NA,450,NA,396,NA,416,NA,65152.08984375,64738.3671875,65630,114056.9609375,64766.81640625,114922,6847.3203125,NA,6825.8203125,NA,6857.599609375,NA,7019.52001953125,NA,4418.0302734375,NA,4281.0703125,NA,5994.14013671875,NA,5295.77978515625,NA,9429.83984375,NA,4567.5,NA,2474.63989257812,NA,NA,NA,NA,NA,NA,NA,NA,NA
"07-AUG-2020",2020-08-07 09:33:34,"2020-08-07","9H 33M 34S","Unknown","2.16.0","Unknown","Unknown",336,336,336,357,357,357,505,NA,411,NA,560,NA,626,NA,511,NA,410,NA,497,NA,359,NA,450,NA,396,NA,416,NA,66030.5703125,65496.640625,65802,117086.078125,65297.44921875,116903,6388.080078125,NA,4851.26025390625,NA,7112.9599609375,NA,6737.919921875,NA,4527.17041015625,NA,4388.0703125,NA,5656.0205078125,NA,5311.52978515625,NA,9443.0703125,NA,4318.64990234375,NA,1861.02001953125,NA,NA,NA,NA,NA,NA,NA,NA,NA
"06-AUG-2020",2020-08-06 11:57:30,"2020-08-06","11H 57M 30S","Unknown","2.16.0","Unknown","Unknown",336,336,336,357,357,357,505,NA,411,NA,560,NA,626,NA,511,NA,410,NA,497,NA,359,NA,450,NA,396,NA,416,NA,65269.80078125,64794.19921875,65927,113312,64456.578125,115090,6683.06005859375,NA,5156.56005859375,NA,6943.35986328125,NA,6676.47998046875,NA,4496.14013671875,NA,4260.740234375,NA,5632.48046875,NA,5041.89013671875,NA,9000.8095703125,NA,4134.06005859375,NA,1814.40002441406,NA,NA,NA,NA,NA,NA,NA,NA,NA
"06-AUG-2020",2020-08-06 09:30:23,"2020-08-06","9H 30M 23S","Unknown","2.16.0","Unknown","Unknown",335,335,335,357,357,357,530,530,430,430,580,580,650,650,570,570,462,462,530,530,386,386,443,443,430,430,486,486,62620.12109375,64346.177734375,63484,108475.296875,64118.166015625,110278,9464.6103515625,9405,7736.205078125,7632,9100.080078125,9164,8942.3408203125,9008.5,10440.1201171875,10222,10545.5698242188,10284.5,9591.39013671875,8445,9057.060546875,9193,8319.7255859375,8441.5,7976.35009765625,8136,6590.7900390625,6892.5,NA,NA,NA,NA,NA,NA,NA,NA
"05-AUG-2020",2020-08-05 09:39:13,"2020-08-05","9H 39M 13S","Unknown","2.16.0","Unknown","Unknown",336,336,336,357,357,357,505,NA,411,NA,560,NA,626,NA,511,NA,410,NA,497,NA,359,NA,450,NA,396,NA,416,NA,65772.2421875,64782.39453125,66274,113415.6796875,64614.79296875,114813,6763.0400390625,NA,6718.3203125,NA,6952.31982421875,NA,7076.47998046875,NA,4497.21044921875,NA,4267.16015625,NA,6020.89013671875,NA,5259.23974609375,NA,9383.849609375,NA,4561.2001953125,NA,2466.44995117188,NA,NA,NA,NA,NA,NA,NA,NA,NA
"04-AUG-2020",2020-08-04 09:38:41,"2020-08-04","9H 38M 41S","Unknown","2.16.0","Unknown","Unknown",336,336,336,357,357,357,505,NA,411,NA,560,NA,626,NA,511,NA,410,NA,497,NA,359,NA,450,NA,396,NA,416,NA,65884.02734375,65977.06640625,65231.5,113336.95703125,65786.3125,112396,6686.5,NA,6738.9599609375,NA,6901.43969726562,NA,7063.6796875,NA,4461.900390625,NA,4281.0703125,NA,6089.9052734375,NA,5382.40478515625,NA,9587.65478515625,NA,4648.14013671875,NA,2531.34008789062,NA,NA,NA,NA,NA,NA,NA,NA,NA
"31-JUL-2020",2020-07-31 11:32:21,"2020-07-31","11H 32M 21S","Unknown","2.16.0","Unknown","Unknown",335,335,335,357,357,357,530,530,430,430,580,580,650,650,570,570,462,462,530,530,386,386,443,443,430,430,486,486,62045.30078125,63864.654296875,63600.5,106095.00390625,63435.6796875,109397,9187.0048828125,9117,8861.5048828125,8756,8965.4404296875,9138,9336.0302734375,9511,10268.5498046875,10054,10290.2099609375,10087,9834.2099609375,8707,8538.8154296875,8708.5,7904.9951171875,8057.5,7950.22021484375,8104.5,7689.25512695312,8062,NA,NA,NA,NA,NA,NA,NA,NA
"31-JUL-2020",2020-07-31 09:37:35,"2020-07-31","9H 37M 35S","Unknown","2.16.0","Unknown","Unknown",336,336,336,357,357,357,505,NA,411,NA,560,NA,626,NA,511,NA,410,NA,497,NA,359,NA,450,NA,396,NA,416,NA,67619.265625,65753.53125,67092,115570.5546875,65538.7734375,115041,6758.740234375,NA,6677.89990234375,NA,7079.6796875,NA,7252.47998046875,NA,4545.3603515625,NA,4338.85009765625,NA,6103.2802734375,NA,5310.89990234375,NA,9452.51953125,NA,4578.83984375,NA,2477.15991210938,NA,NA,NA,NA,NA,NA,NA,NA,NA
"30-JUL-2020",2020-07-30 12:19:40,"2020-07-30","12H 19M 40S","Unknown","2.16.0","Unknown","Unknown",336,336,336,357,357,357,505,NA,411,NA,560,NA,626,NA,511,NA,410,NA,497,NA,359,NA,450,NA,396,NA,416,NA,65489.421875,63013.94921875,68032,111397.7578125,62765.16015625,116426,6145.56005859375,NA,5503.14013671875,NA,6956.15966796875,NA,6972.15966796875,NA,4497.21044921875,NA,4250.0400390625,NA,5800.47021484375,NA,5083.4697265625,NA,9228.240234375,NA,4364.64013671875,NA,2188.61987304688,NA,NA,NA,NA,NA,NA,NA,NA,NA
"30-JUL-2020",2020-07-30 09:02:35,"2020-07-30","9H 2M 35S","Unknown","2.16.0","Unknown","Unknown",335,335,335,357,357,357,530,530,430,430,580,580,650,650,570,570,462,462,530,530,386,386,443,443,430,430,486,486,64837.3984375,65067.98828125,65020,113265.90625,64734.0703125,114783,10216.98046875,10124,9692.4599609375,9512,9428.7607421875,9441,9598.380859375,9607,10602,10403,10687.5,10498,10356.8994140625,9116,9449.009765625,9501,8571.310546875,8680,8592.080078125,8742,7863.1201171875,8164,NA,NA,NA,NA,NA,NA,NA,NA
"29-JUL-2020",2020-07-29 12:54:43,"2020-07-29","12H 54M 43S","Unknown","2.16.0","Unknown","Unknown",335,335,335,357,357,357,530,530,430,430,580,580,650,650,570,570,462,462,530,530,386,386,443,443,430,430,486,486,62028.078125,62346.7265625,65087,105600.0078125,62055.6796875,110998,8969.849609375,9123,8348.6103515625,8415,8890.8603515625,9251,9158.8203125,9519,10246.3203125,10252,10190.4599609375,10174,9563.4599609375,8651,8596.7705078125,8942,7982.38037109375,8294,7973,8296,7588.42041015625,8147,NA,NA,NA,NA,NA,NA,NA,NA
"29-JUL-2020",2020-07-29 09:17:24,"2020-07-29","9H 17M 24S","Unknown","2.16.0","Unknown","Unknown",336,336,336,357,357,357,505,NA,411,NA,560,NA,626,NA,511,NA,410,NA,497,NA,359,NA,450,NA,396,NA,416,NA,66853.35546875,65010.140625,67166.5,115902.71875,64893.357421875,116493.5,6839.580078125,NA,6664.14013671875,NA,6972.7998046875,NA,7045.759765625,NA,4499.35009765625,NA,4286.42041015625,NA,5964.18017578125,NA,5458.31982421875,NA,9708.9296875,NA,4685.625,NA,2510.86499023438,NA,NA,NA,NA,NA,NA,NA,NA,NA
"27-JUL-2020",2020-07-27 12:54:29,"2020-07-27","12H 54M 29S","Unknown","2.16.0","Unknown","Unknown",335,335,335,357,357,357,530,530,430,430,580,580,650,650,570,570,462,462,530,530,386,386,443,443,430,430,486,486,61544.28125,62794.65625,63965,108005.703125,62491.3671875,112616,9303.7197265625,9385,9049.830078125,9044,8970.060546875,9267,9331.080078125,9600,10143.7197265625,10059,10146,10040,9613.6201171875,8613,8675.16015625,8984,8030.6201171875,8328,8063.4501953125,8340,7912.7001953125,8396,NA,NA,NA,NA,NA,NA,NA,NA
"27-JUL-2020",2020-07-27 10:33:13,"2020-07-27","10H 33M 13S","Unknown","2.16.0","Unknown","Unknown",336,336,336,357,357,357,505,NA,411,NA,560,NA,626,NA,511,NA,410,NA,497,NA,359,NA,450,NA,396,NA,416,NA,65653.34765625,64735.28515625,66354.5,117111.99609375,64606.232421875,118428.5,6846.4599609375,NA,6866.240234375,NA,6986.23974609375,NA,7133.76000976562,NA,4491.8603515625,NA,4274.115234375,NA,5980.76538085938,NA,5337.35986328125,NA,9552.0595703125,NA,4616.64013671875,NA,2553.38989257812,NA,NA,NA,NA,NA,NA,NA,NA,NA
"24-JUL-2020",2020-07-24 11:32:21,"2020-07-24","11H 32M 21S","Unknown","2.16.0","Unknown","Unknown",336,336,336,357,357,357,505,NA,411,NA,560,NA,626,NA,511,NA,410,NA,497,NA,359,NA,450,NA,396,NA,416,NA,66213.45703125,64896.71484375,66782.5,115610.23828125,64601.572265625,117110,6246.18017578125,NA,5876.3798828125,NA,6979.83984375,NA,7033.599609375,NA,4458.6904296875,NA,4263.9501953125,NA,5958.830078125,NA,5221.125,NA,9294.705078125,NA,4473.6298828125,NA,2299.5,NA,NA,NA,NA,NA,NA,NA,NA,NA
"23-JUL-2020",2020-07-23 08:42:04,"2020-07-23","8H 42M 4S","Unknown","2.16.0","Unknown","Unknown",336,336,336,357,357,357,505,NA,411,NA,560,NA,626,NA,511,NA,410,NA,497,NA,359,NA,450,NA,396,NA,416,NA,67292.9921875,65528.8828125,67155,117009.28125,65428.70703125,116819,6583.30029296875,NA,6510.2001953125,NA,7048.9599609375,NA,7118.080078125,NA,4532.52001953125,NA,4354.900390625,NA,6131.10009765625,NA,5436.89990234375,NA,9619.4697265625,NA,4670.81982421875,NA,2468.34008789062,NA,NA,NA,NA,NA,NA,NA,NA,NA
"22-JUL-2020",2020-07-22 10:25:22,"2020-07-22","10H 25M 22S","Unknown","2.16.0","Unknown","Unknown",336,336,336,357,357,357,505,NA,411,NA,560,NA,626,NA,511,NA,410,NA,497,NA,359,NA,450,NA,396,NA,416,NA,64953.80078125,64778.36328125,65640,114364.796875,64559.53125,115776,6505.0400390625,NA,6483.5400390625,NA,6883.83984375,NA,7010.56005859375,NA,4422.31005859375,NA,4193.330078125,NA,5896.7705078125,NA,5143.9501953125,NA,9177.83984375,NA,4464.18017578125,NA,2445.65991210938,NA,NA,NA,NA,NA,NA,NA,NA,NA
"21-JUL-2020",2020-07-21 10:25:43,"2020-07-21","10H 25M 43S","Unknown","2.16.0","Unknown","Unknown",336,336,336,357,357,357,505,NA,411,NA,560,NA,626,NA,511,NA,410,NA,497,NA,359,NA,450,NA,396,NA,416,NA,65701.140625,64220.71484375,66841,113794.5546875,64288.4375,115939,6827.5400390625,NA,6806.89990234375,NA,6876.15966796875,NA,7027.19970703125,NA,4424.4501953125,NA,4204.0302734375,NA,5921.38037109375,NA,5414.85009765625,NA,9678.689453125,NA,4655.06982421875,NA,2589.92993164062,NA,NA,NA,NA,NA,NA,NA,NA,NA
"15-JUL-2020",2020-07-15 09:24:29,"2020-07-15","9H 24M 29S","Unknown","2.16.0","Unknown","Unknown",335,335,335,357,357,357,530,530,430,430,580,580,650,650,570,570,462,462,530,530,386,386,443,443,430,430,486,486,57431.16015625,62528.09765625,60142,98507.640625,62432.51953125,103104,8911.259765625,8910,8771.759765625,8731,8189.9404296875,8478,8519.2802734375,8810,9702.5400390625,9503,9769.7998046875,9510,9558.8994140625,8463,8429.9404296875,8734,7776.6904296875,8058,7861.7802734375,8158,7676.1904296875,8150,NA,NA,NA,NA,NA,NA,NA,NA
"14-JUL-2020",2020-07-14 09:29:53,"2020-07-14","9H 29M 53S","Unknown","2.16.0","Unknown","Unknown",335,335,335,357,357,357,530,530,430,430,580,580,650,650,570,570,462,462,530,530,386,386,443,443,430,430,486,486,63645.12109375,63816.1328125,65095,108698.703125,63501.1796875,111807,9758.490234375,9752,9643.169921875,9556,8963.4599609375,9142,9337.0205078125,9482,10362.599609375,10147,10501.6796875,10255,9968.16015625,8821,9442.310546875,9685,8665.1103515625,8895,8658.41015625,8911,8397.1103515625,8863,NA,NA,NA,NA,NA,NA,NA,NA
"13-JUL-2020",2020-07-13 09:40:03,"2020-07-13","9H 40M 3S","Unknown","2.16.0","Unknown","Unknown",336,336,336,357,357,357,505,NA,411,NA,560,NA,626,NA,511,NA,410,NA,497,NA,359,NA,450,NA,396,NA,416,NA,66957.2421875,65647.328125,66510,116339.1953125,65531.66015625,115737,6843.02001953125,NA,6781.10009765625,NA,6949.11962890625,NA,7100.7998046875,NA,4513.26025390625,NA,4318.52001953125,NA,6102.21044921875,NA,5464.6201171875,NA,9718.3798828125,NA,4664.52001953125,NA,2539.53002929688,NA,NA,NA,NA,NA,NA,NA,NA,NA
"09-JUL-2020",2020-07-09 09:22:51,"2020-07-09","9H 22M 51S","Unknown","2.16.0","Unknown","Unknown",335,335,335,357,357,357,530,530,430,430,580,580,650,650,570,570,462,462,530,530,386,386,443,443,430,430,486,486,63173.208984375,64152.275390625,64339,107654.5859375,63991.470703125,109936,9640.3798828125,9568,9356.26513671875,9250.5,8929.470703125,9012,9243.63037109375,9349.5,10199.5795898438,10002.5,10332.9599609375,10044,9828.509765625,8716.5,9095.5849609375,9217,8346.8603515625,8492,8324.75,8531.5,8151.22021484375,8512,NA,NA,NA,NA,NA,NA,NA,NA
"07-JUL-2020",2020-07-07 09:31:19,"2020-07-07","9H 31M 19S","Unknown","2.16.0","Unknown","Unknown",336,336,336,357,357,357,505,NA,411,NA,560,NA,626,NA,511,NA,410,NA,497,NA,359,NA,450,NA,396,NA,416,NA,67157.8984375,65139.625,67384,115998.078125,65121.015625,116514,6509.34033203125,NA,6490.419921875,NA,6978.56005859375,NA,7126.39990234375,NA,4576.39013671875,NA,4364.5302734375,NA,6143.9404296875,NA,5552.18994140625,NA,9908.009765625,NA,4776.66015625,NA,2651.669921875,NA,NA,NA,NA,NA,NA,NA,NA,NA
"02-JUL-2020",2020-07-02 09:38:49,"2020-07-02","9H 38M 49S","Unknown","2.16.0","Unknown","Unknown",336,336,336,357,357,357,505,NA,411,NA,560,NA,626,NA,511,NA,410,NA,497,NA,359,NA,450,NA,396,NA,416,NA,68353.9609375,66728.0234375,67453,118487.0390625,66463.6875,116567,6490.419921875,NA,6269.39990234375,NA,7150.080078125,NA,7204.47998046875,NA,4685.5302734375,NA,4485.4404296875,NA,6244.5205078125,NA,5572.97998046875,NA,9943.919921875,NA,4758.39013671875,NA,2546.4599609375,NA,NA,NA,NA,NA,NA,NA,NA,NA
"01-JUL-2020",2020-07-01 11:03:01,"2020-07-01","11H 3M 1S","Unknown","2.16.0","Unknown","Unknown",336,336,336,357,357,357,505,NA,411,NA,560,NA,626,NA,511,NA,410,NA,497,NA,359,NA,450,NA,396,NA,416,NA,66950.1328125,64455.90234375,67889,112456.3203125,64173.83203125,114549,6548.0400390625,NA,6457.740234375,NA,6811.19970703125,NA,6990.080078125,NA,4562.47998046875,NA,4292.84033203125,NA,5928.33520507812,NA,5183.64013671875,NA,9335.33984375,NA,4482.13500976562,NA,2446.919921875,NA,NA,NA,NA,NA,NA,NA,NA,NA
"01-JUL-2020",2020-07-01 08:33:56,"2020-07-01","8H 33M 56S","Unknown","2.16.0","Unknown","Unknown",335,335,335,357,357,357,530,530,430,430,580,580,650,650,570,570,462,462,530,530,386,386,443,443,430,430,486,486,65161.30078125,63825.37109375,66758,108839.28125,63587.1015625,112254,9512.0400390625,9549,9286.98046875,9241,9094.80078125,9300,9455.8203125,9647,10534.740234375,10145,10643.0400390625,10208,10090.1396484375,8733,9471.1201171875,9716,8720.0498046875,8955,8694.58984375,8935,8545.8505859375,9022,NA,NA,NA,NA,NA,NA,NA,NA
"30-JUN-2020",2020-06-30 10:45:54,"2020-06-30","10H 45M 54S","Unknown","2.16.0","Unknown","Unknown",335,335,335,357,357,357,530,530,430,430,580,580,650,650,570,570,462,462,530,530,386,386,443,443,430,430,486,486,61545.919921875,63322.6484375,63468,103441.14453125,62981.00390625,107139.5,9581.7900390625,9589,8776.41015625,8750.5,8590.23046875,8811,8888.220703125,9111,10477.740234375,10418,10490.8500976562,10393.5,9645.5400390625,8678,8850.0302734375,9132,8202.4755859375,8457,7917.05517578125,8177,7532.47509765625,7984,NA,NA,NA,NA,NA,NA,NA,NA
"30-JUN-2020",2020-06-30 08:17:52,"2020-06-30","8H 17M 52S","Unknown","2.16.0","Unknown","Unknown",336,336,336,357,357,357,505,NA,411,NA,560,NA,626,NA,511,NA,410,NA,497,NA,359,NA,450,NA,396,NA,416,NA,66789.765625,65599.6796875,66820,116061.4375,65647.1796875,115815,6944.5,NA,6871.39990234375,NA,6961.919921875,NA,7132.7998046875,NA,4659.85009765625,NA,4435.150390625,NA,6278.76025390625,NA,5565.419921875,NA,9933.83984375,NA,4734.4501953125,NA,2618.28002929688,NA,NA,NA,NA,NA,NA,NA,NA,NA
"26-JUN-2020",2020-06-26 08:50:22,"2020-06-26","8H 50M 22S","Unknown","2.16.0","Unknown","Unknown",336,336,336,357,357,357,505,NA,411,NA,560,NA,626,NA,511,NA,410,NA,497,NA,359,NA,450,NA,396,NA,416,NA,67724.33203125,65414.83984375,67929,116214.71484375,65498.904296875,116040.5,6342.5,NA,5873.3701171875,NA,7054.7197265625,NA,7138.56005859375,NA,4678.0400390625,NA,4464.0400390625,NA,6294.810546875,NA,5622.75,NA,10024.8745117188,NA,4743.27001953125,NA,2490.70495605469,NA,NA,NA,NA,NA,NA,NA,NA,NA
"24-JUN-2020",2020-06-24 08:03:43,"2020-06-24","8H 3M 43S","Unknown","2.16.0","Unknown","Unknown",336,336,336,357,357,357,505,NA,411,NA,560,NA,626,NA,511,NA,410,NA,497,NA,359,NA,450,NA,396,NA,416,NA,71122.12109375,65693.88671875,70775,120153.27734375,65634.171875,120121,7094.14013671875,NA,6614.26025390625,NA,7265.59985351562,NA,7308.47973632812,NA,4563.01513671875,NA,4342.06005859375,NA,6160.52514648438,NA,5639.1298828125,NA,10042.2001953125,NA,4770.35986328125,NA,2496.68994140625,NA,NA,NA,NA,NA,NA,NA,NA,NA
"23-JUN-2020",2020-06-23 13:13:24,"2020-06-23","13H 13M 24S","Unknown","2.16.0","Unknown","Unknown",336,336,336,357,357,357,505,NA,411,NA,560,NA,626,NA,511,NA,410,NA,497,NA,359,NA,450,NA,396,NA,416,NA,66689.828125,64508.173828125,67662.5,111616.31640625,64136.78125,114080.5,6595.77026367188,NA,6112.8798828125,NA,6841.599609375,NA,6941.43994140625,NA,4576.39013671875,NA,4296.05029296875,NA,5875.3701171875,NA,5005.6650390625,NA,9060.97509765625,NA,4261.31982421875,NA,2250.98999023438,NA,NA,NA,NA,NA,NA,NA,NA,NA
"23-JUN-2020",2020-06-23 09:38:33,"2020-06-23","9H 38M 33S","Unknown","2.16.0","Unknown","Unknown",335,335,335,357,357,357,530,530,430,430,580,580,650,650,570,570,462,462,530,530,386,386,443,443,430,430,486,486,62359.359375,62896.49609375,65063,103755.3046875,62783.703125,108489,9058.2001953125,9202,8552.2802734375,8651,8585.9404296875,8924,8960.16015625,9261,10547.2802734375,10617,10542.7197265625,10584,9875.8203125,8998,9377.990234375,9718,8738.140625,9050,8473.490234375,8787,8466.1201171875,9054,NA,NA,NA,NA,NA,NA,NA,NA
"22-JUN-2020",2020-06-22 09:28:30,"2020-06-22","9H 28M 30S","Unknown","2.16.0","Unknown","Unknown",335,335,335,357,357,357,530,530,430,430,580,580,650,650,570,570,462,462,530,530,386,386,443,443,430,430,486,486,62107.62109375,62955.470703125,64617,104260.203125,62844.8828125,108733,9505.5302734375,9624.5,8938.23046875,8994,8628.1806640625,8910,9063.4501953125,9369,10648.169921875,10566,10640.1899414062,10586.5,9983.5498046875,8977,9252.0302734375,9523,8622.900390625,8911,8352.890625,8658.5,8381.7001953125,8914,NA,NA,NA,NA,NA,NA,NA,NA
"19-JUN-2020",2020-06-19 09:43:19,"2020-06-19","9H 43M 19S","Unknown","2.16.0","Unknown","Unknown",336,336,336,357,357,357,505,NA,411,NA,560,NA,626,NA,511,NA,410,NA,497,NA,359,NA,450,NA,396,NA,416,NA,67356.1953125,64136.1875,68821,112890.875,64156.26171875,115440,6585.8798828125,NA,5829.93994140625,NA,6802.56005859375,NA,6796.15966796875,NA,4571.0400390625,NA,4343.13037109375,NA,5878.580078125,NA,5552.81982421875,NA,9976.0498046875,NA,4617.27001953125,NA,2379.51000976562,NA,NA,NA,NA,NA,NA,NA,NA,NA
"18-JUN-2020",2020-06-18 09:24:00,"2020-06-18","9H 24M 0S","Unknown","2.16.0","Unknown","Unknown",336,336,336,357,357,357,505,NA,411,NA,560,NA,626,NA,511,NA,410,NA,497,NA,359,NA,450,NA,396,NA,416,NA,69086.2890625,64805.4921875,69568,115394.5546875,64893.546875,116474,6225.5400390625,NA,5551.30029296875,NA,6977.27978515625,NA,6883.19970703125,NA,4437.2900390625,NA,4254.3203125,NA,5845.41015625,NA,5371.3798828125,NA,9591.75,NA,4483.7099609375,NA,2252.25,NA,NA,NA,NA,NA,NA,NA,NA,NA
"17-JUN-2020",2020-06-17 11:49:21,"2020-06-17","11H 49M 21S","Unknown","2.16.0","Unknown","Unknown",335,335,335,357,357,357,530,530,430,430,580,580,650,650,570,570,462,462,530,530,386,386,443,443,430,430,486,486,63721.37890625,63275.87109375,66144.5,108157.17578125,63131.826171875,112074,9294.419921875,9457,8222.13037109375,8313,8987.55029296875,9263,9221.5205078125,9504,10494.2700195312,10518.5,10486.8603515625,10502,9786.8994140625,8896,9299.265625,9577.5,8651.0400390625,8910,8251.0498046875,8526,7790.09033203125,8306,NA,NA,NA,NA,NA,NA,NA,NA
"16-JUN-2020",2020-06-16 11:38:52,"2020-06-16","11H 38M 52S","Unknown","2.16.0","Unknown","Unknown",336,336,336,357,357,357,505,NA,411,NA,560,NA,626,NA,511,NA,410,NA,497,NA,359,NA,450,NA,396,NA,416,NA,67990.16796875,63997.958984375,69547.5,114232.63671875,64076.904296875,117043.5,6847.75024414062,NA,6313.26025390625,NA,6907.52001953125,NA,6939.19995117188,NA,4515.400390625,NA,4287.490234375,NA,5959.900390625,NA,5636.9248046875,NA,10100.7900390625,NA,4695.39013671875,NA,2489.1298828125,NA,NA,NA,NA,NA,NA,NA,NA,NA
"15-JUN-2020",2020-06-15 13:12:04,"2020-06-15","13H 12M 4S","Unknown","2.16.0","Unknown","Unknown",336,336,336,357,357,357,505,NA,411,NA,560,NA,626,NA,511,NA,410,NA,497,NA,359,NA,450,NA,396,NA,416,NA,66633.34375,63962.58984375,68187,112054.3984375,63685.4453125,115340,6357.1201171875,NA,5855.740234375,NA,6819.19970703125,NA,6846.080078125,NA,4649.150390625,NA,4370.9501953125,NA,5856.1103515625,NA,5188.68017578125,NA,9368.7294921875,NA,4362.75,NA,2307.06005859375,NA,NA,NA,NA,NA,NA,NA,NA,NA
"15-JUN-2020",2020-06-15 10:33:07,"2020-06-15","10H 33M 7S","Unknown","2.16.0","Unknown","Unknown",335,335,335,357,357,357,530,530,430,430,580,580,650,650,570,570,462,462,530,530,386,386,443,443,430,430,486,486,63074.3984375,62326.8203125,66416,105220.5078125,62355.10546875,110791,9440.4296875,9732,8820.1201171875,9012,8778.66015625,9178,9143.640625,9517,10623.66015625,10686,10591.740234375,10646,9863.2802734375,8957,9300.2705078125,9737,8698.6103515625,9092,8388.400390625,8807,8444.009765625,9131,NA,NA,NA,NA,NA,NA,NA,NA
"11-JUN-2020",2020-06-11 08:49:18,"2020-06-11","8H 49M 18S","Unknown","2.16.0","Unknown","Unknown",335,335,335,357,357,357,530,530,430,430,580,580,650,650,570,570,462,462,530,530,386,386,443,443,430,430,486,486,65998.515625,64539.390625,67072,110084.046875,64304.3515625,112397,9286.0498046875,9295,8907.5400390625,8828,9044.640625,9146,9446.580078125,9543,10713.7197265625,10580,10798.080078125,10628,10312.439453125,9217,9717.009765625,9830,9003.4599609375,9110,8819.8798828125,8964,8881.5205078125,9252,NA,NA,NA,NA,NA,NA,NA,NA
"09-JUN-2020",2020-06-09 09:37:30,"2020-06-09","9H 37M 30S","Unknown","2.16.0","Unknown","Unknown",335,335,335,357,357,357,530,530,430,430,580,580,650,650,570,570,462,462,530,530,386,386,443,443,430,430,486,486,63839.4609375,63154.03125,66227,106769.5234375,63003.4296875,111037,9760.349609375,9879,9219.08984375,9250,8697.48046875,8986,9100.740234375,9369,10763.8798828125,10923,10741.080078125,10882,10077.599609375,9252,9475.140625,9774,8791.740234375,9076,8525.080078125,8833,8592.080078125,9141,NA,NA,NA,NA,NA,NA,NA,NA
"26-MAY-2020",2020-05-26 08:54:24,"2020-05-26","8H 54M 24S","Unknown","2.16.0","Unknown","Unknown",335,335,335,357,357,357,530,530,430,430,580,580,650,650,570,570,462,462,530,530,386,386,443,443,430,430,486,486,64370.41015625,63492.666015625,66376,104728.80078125,63471.84375,108362.5,9386.490234375,9523,8914.0498046875,8936.5,8657.8798828125,8883,9087.5400390625,9294,11169.1499023438,11166,11072.8203125,11019,10417.3203125,9352,9707.294921875,9940,9054.3798828125,9285,8588.3955078125,8822,8677.5048828125,9126,NA,NA,NA,NA,NA,NA,NA,NA
"22-MAY-2020",2020-05-22 13:18:04,"2020-05-22","13H 18M 4S","Unknown","2.16.0","Unknown","Unknown",335,335,335,357,357,357,530,530,430,430,580,580,650,650,570,570,462,462,530,530,386,386,443,443,430,430,486,486,64836.98828125,63915.193359375,66442.5,102362.375,63624.19140625,105156.5,9379.98046875,9389,8649.46484375,8586.5,8597.16015625,8802.5,8977.3203125,9140.5,11198.2197265625,11187,10912.080078125,10906,10293.6298828125,9264.5,9606.125,9716,8996.08984375,9085.5,8560.58984375,8690,8147.8701171875,8527.5,NA,NA,NA,NA,NA,NA,NA,NA
"19-MAR-2020",2020-03-19 09:01:11,"2020-03-19","9H 1M 11S","Unknown","2.16.0","Unknown","Unknown",335,335,335,357,357,357,530,530,430,430,580,580,650,650,570,570,462,462,530,530,386,386,443,443,430,430,486,486,68857.0390625,64866.44140625,69802,107415.6640625,64904.3984375,109241,8939.16015625,8923,8144.01025390625,8050,9340.98046875,9414,9507.30078125,9536,9434.6396484375,9372,9450.599609375,9341,9183.83984375,8243,9662.740234375,9771,8986.7099609375,9091,8699.2802734375,8799,8397.1103515625,8693,NA,NA,NA,NA,NA,NA,NA,NA
"17-MAR-2020",2020-03-17 09:43:41,"2020-03-17","9H 43M 41S","Unknown","2.16.0","Unknown","Unknown",335,335,335,357,357,357,530,530,430,430,580,580,650,650,570,570,462,462,530,530,386,386,443,443,430,430,486,486,68524.9375,65031.83203125,69286,106390.0234375,64866.109375,108086,9036.810546875,9035,8421.150390625,8320,9201.060546875,9260,9452.5205078125,9488,9613.6201171875,9434,9545.2197265625,9326,9281.8798828125,8245,9567.6005859375,9649,8954.5498046875,9058,8675.16015625,8802,8743.5,9042,NA,NA,NA,NA,NA,NA,NA,NA
"13-MAR-2020",2020-03-13 09:42:19,"2020-03-13","9H 42M 19S","Unknown","2.16.0","Unknown","Unknown",335,335,335,357,357,357,530,530,430,430,580,580,650,650,570,570,462,462,530,530,386,386,443,443,430,430,486,486,69849.2421875,64862.125,70709,109270.921875,65013.146484375,110869,9376.72509765625,9343,8230.5,8142.5,9428.76025390625,9469,9421.5,9436,9520.1396484375,9301.5,9544.64990234375,9303,9143.36962890625,8128,9642.9755859375,9714,9019.205078125,9078.5,8664.775390625,8754.5,8042.68017578125,8306.5,NA,NA,NA,NA,NA,NA,NA,NA
"11-MAR-2020",2020-03-11 11:08:57,"2020-03-11","11H 8M 57S","Unknown","2.16.0","Unknown","Unknown",335,335,335,357,357,357,530,530,430,430,580,580,650,650,570,570,462,462,530,530,386,386,443,443,430,430,486,486,69785.28125,64713.37109375,70870,108368.703125,64753.734375,110466,8977.2900390625,9002,8273.2802734375,8191,9415.560546875,9505,9587.8203125,9644,9491.6396484375,9289,9408.419921875,9171,9192.9599609375,8132,9437.6201171875,9527,8816.5302734375,8927,8551.8798828125,8687,8368.9697265625,8640,NA,NA,NA,NA,NA,NA,NA,NA
"10-MAR-2020",2020-03-10 11:30:43,"2020-03-10","11H 30M 43S","Unknown","2.16.0","Unknown","Unknown",335,335,335,357,357,357,530,530,430,430,580,580,650,650,570,570,462,462,530,530,386,386,443,443,430,430,486,486,70374.859375,65244.234375,70920,107275.0859375,65088.3671875,108753,9632.009765625,9566,8835,8691,9319.2001953125,9366,9547.560546875,9559,9465.419921875,9281,9367.3798828125,9144,9074.3994140625,8078,9424.220703125,9467,8807.8203125,8877,8539.8203125,8627,8507.66015625,8746,NA,NA,NA,NA,NA,NA,NA,NA
"06-MAR-2020",2020-03-06 12:56:46,"2020-03-06","12H 56M 46S","Unknown","2.16.0","Unknown","Unknown",335,335,335,357,357,357,530,530,430,430,580,580,650,650,570,570,462,462,530,530,386,386,443,443,430,430,486,486,70501.140625,65583.2265625,70649,107208.421875,65433.140625,108237,9427.41015625,9399,7106.1298828125,7034,9465.060546875,9429,9150.900390625,9101,9143.939453125,9070,9165.599609375,9051,8543.16015625,7678,9739.1201171875,9739,9114.6806640625,9130,8411.8505859375,8443,7039.68994140625,7247,NA,NA,NA,NA,NA,NA,NA,NA
"04-MAR-2020",2020-03-04 09:00:51,"2020-03-04","9H 0M 51S","Unknown","2.16.0","Unknown","Unknown",335,335,335,357,357,357,530,530,430,430,580,580,650,650,570,570,462,462,530,530,386,386,443,443,430,430,486,486,69967.3203125,65643.5625,69987,107863.8046875,65491.62890625,108691,9628.2900390625,9521,8780.1298828125,8618,9430.740234375,9403,9533.0400390625,9466,9402.7197265625,9157,9442.6201171875,9148,9133.6796875,8048,9757.2099609375,9704,9108.650390625,9076,8785.7099609375,8784,8456.0703125,8634,NA,NA,NA,NA,NA,NA,NA,NA
"03-MAR-2020",2020-03-03 10:02:06,"2020-03-03","10H 2M 6S","Unknown","2.16.0","Unknown","Unknown",335,335,335,357,357,357,530,530,430,430,580,580,650,650,570,570,462,462,530,530,386,386,443,443,430,430,486,486,70590.92578125,65354.67578125,71022,109608.84765625,65317.501953125,110705.5,9559.0048828125,9458.5,8867.5498046875,8723,9374.640625,9374.5,9621.150390625,9607,9463.1396484375,9380.5,9456.2998046875,9330,9140.51953125,8211,9602.4404296875,9623.5,8983.025390625,9014,8708.3251953125,8762,8621.560546875,8841.5,NA,NA,NA,NA,NA,NA,NA,NA
"28-FEB-2020",2020-02-28 08:41:15,"2020-02-28","8H 41M 15S","Unknown","2.16.0","Unknown","Unknown",336,336,336,357,357,357,505,NA,411,NA,560,NA,626,NA,511,NA,410,NA,497,NA,359,NA,450,NA,396,NA,416,NA,76663.66796875,68440.65625,73225,117040.29296875,67845.015625,113907,6912.89990234375,NA,5804.099609375,NA,7432.74951171875,NA,7089.87475585938,NA,4012.2900390625,NA,3787.75,NA,5409.669921875,NA,5903.2998046875,NA,10622.94921875,NA,4855.5,NA,2327.64990234375,NA,NA,NA,NA,NA,NA,NA,NA,NA
"27-FEB-2020",2020-02-27 09:46:16,"2020-02-27","9H 46M 16S","Unknown","2.16.0","Unknown","Unknown",336,336,336,357,357,357,505,NA,411,NA,560,NA,626,NA,511,NA,410,NA,497,NA,359,NA,450,NA,396,NA,416,NA,75699.359375,68072.8828125,72971,115317.796875,67382.0546875,112949,6364.7998046875,NA,6171.2998046875,NA,7324.19970703125,NA,7380.099609375,NA,4203.0400390625,NA,3910.92016601562,NA,5737.76025390625,NA,5851.2998046875,NA,10628.7998046875,NA,5021.89990234375,NA,2796.2998046875,NA,NA,NA,NA,NA,NA,NA,NA,NA
"26-FEB-2020",2020-02-26 09:34:42,"2020-02-26","9H 34M 42S","Unknown","2.16.0","Unknown","Unknown",335,335,335,357,357,357,530,530,430,430,580,580,650,650,570,570,462,462,530,530,386,386,443,443,430,430,486,486,70813.97265625,65646.171875,70863,108289.171875,65476.71875,108945.5,9666.419921875,9538.5,9115.39501953125,8892,9329.7607421875,9331,9596.400390625,9564.5,9749.2802734375,9587.5,9602.2197265625,9412.5,9311.51953125,8302.5,9479.830078125,9473,8888.220703125,8881,8680.5205078125,8697,8642.6650390625,8832,NA,NA,NA,NA,NA,NA,NA,NA
"25-FEB-2020",2020-02-25 09:33:22,"2020-02-25","9H 33M 22S","Unknown","2.16.0","Unknown","Unknown",335,335,335,357,357,357,530,530,430,430,580,580,650,650,570,570,462,462,530,530,386,386,443,443,430,430,486,486,71617.15625,65153.001953125,72057,108794.40234375,65172.74609375,110149,8826.6298828125,8833,8425.7998046875,8376,9545.580078125,9562,9740.9404296875,9727.5,8989.4697265625,8919.5,8908.52978515625,8794,9021.9599609375,8094.5,9727.060546875,9793,9097.59521484375,9159.5,8931.7705078125,9018.5,8861.0849609375,9149.5,NA,NA,NA,NA,NA,NA,NA,NA
"24-FEB-2020",2020-02-24 16:14:47,"2020-02-24","16H 14M 47S","Unknown","FACSAriaII","1","Administrator",280,280,280,330,330,330,505,NA,411,NA,560,NA,626,NA,550,NA,410,NA,497,NA,359,NA,450,NA,396,NA,416,NA,47016.640625,64430.6953125,47880,63802.33984375,64431.072265625,65368.5,6500.80029296875,NA,6250.39990234375,NA,7558.81518554688,NA,7676.85009765625,NA,7073.64013671875,NA,3696.56005859375,NA,5250.84033203125,NA,5736.86474609375,NA,10449.1943359375,NA,4927.08984375,NA,2679.77978515625,NA,-67.16,0,30.58,-27.39,0.8,0.61,0.98,0.59
"24-FEB-2020",2020-02-24 15:41:08,"2020-02-24","15H 41M 8S","Unknown","2.16.0","Unknown","Unknown",336,336,336,357,357,357,505,NA,411,NA,560,NA,626,NA,511,NA,410,NA,497,NA,359,NA,450,NA,396,NA,416,NA,77148.453125,65839.015625,76874,115321.046875,65206.375,116558,6566.39990234375,NA,6382.7998046875,NA,7338.49951171875,NA,7454.19970703125,NA,3950.16015625,NA,3667.85009765625,NA,5475.0703125,NA,5796.0498046875,NA,10544.94921875,NA,5028.39990234375,NA,2796.94995117188,NA,NA,NA,NA,NA,NA,NA,NA,NA
"24-FEB-2020",2020-02-24 14:35:19,"2020-02-24","14H 35M 19S","Unknown","2.16.0","Unknown","Unknown",336,336,336,357,357,357,505,NA,411,NA,560,NA,626,NA,511,NA,410,NA,497,NA,359,NA,450,NA,396,NA,416,NA,77845.0625,66744.390625,76458,108111.5234375,61379.28125,116160,6297.27978515625,NA,5888.9599609375,NA,6836.88037109375,NA,6878.3603515625,NA,4465.43994140625,NA,4165.56005859375,NA,6117.2998046875,NA,8145.89990234375,NA,14774.3994140625,NA,6883.19970703125,NA,3717,NA,NA,NA,NA,NA,NA,NA,NA,NA
"24-FEB-2020",2020-02-24 14:20:17,"2020-02-24","14H 20M 17S","Unknown","FACSAriaII","1","Administrator",336,336,336,357,357,357,505,NA,411,NA,560,NA,626,NA,515,NA,410,NA,497,NA,359,NA,450,NA,396,NA,416,NA,76697.0625,65469.85546875,76812,99492.83203125,56821.3515625,115517,6039.43994140625,NA,5768.83984375,NA,6304.04516601562,NA,6379.38037109375,NA,4720.58984375,NA,4157.36987304688,NA,6056.18994140625,NA,6053.0400390625,NA,10979.2802734375,NA,5155.2001953125,NA,2802.96020507812,NA,-60.51,0,27.66,-24.66,0.88,0.6,1.17,0.72
"24-FEB-2020",2020-02-24 13:33:25,"2020-02-24","13H 33M 25S","Unknown","2.16.0","Unknown","Unknown",336,336,336,357,357,357,505,NA,411,NA,720,NA,626,NA,511,NA,410,NA,497,NA,359,NA,450,NA,396,NA,416,NA,76100.1015625,65921.26171875,75571.5,24509.025390625,14057.6616210938,115007.5,6166.60009765625,NA,5934.7197265625,NA,14218.1254882812,NA,1569.52508544922,NA,3744.97973632812,NA,3493.759765625,NA,5095.419921875,NA,5395.51977539062,NA,9752.3193359375,NA,4611.83984375,NA,2520.31982421875,NA,NA,NA,NA,NA,NA,NA,NA,NA
"24-FEB-2020",2020-02-24 13:16:28,"2020-02-24","13H 16M 28S","Unknown","2.16.0","Unknown","Unknown",336,336,336,357,357,357,505,NA,411,NA,720,NA,626,NA,511,NA,410,NA,497,NA,359,NA,450,NA,396,NA,416,NA,76597.015625,66140.1015625,75924,109222.0859375,62114.1484375,115992,645.919982910156,NA,800.799987792969,NA,6431.0400390625,NA,696.960021972656,NA,702.779968261719,NA,253.339981079102,NA,787.579956054688,NA,404.47998046875,NA,658.559997558594,NA,463.359985351562,NA,302.079986572266,NA,NA,NA,NA,NA,NA,NA,NA,NA
"24-FEB-2020",2020-02-24 09:55:00,"2020-02-24","9H 55M 0S","Unknown","2.16.0","Unknown","Unknown",336,336,336,357,357,357,505,NA,411,NA,560,NA,626,NA,511,NA,410,NA,497,NA,359,NA,450,NA,396,NA,416,NA,170139.98828125,67455.92578125,166372.5,190596.2421875,67293.8671875,185978.5,3935.35992431641,NA,3473.35986328125,NA,12793.4401855469,NA,10123.41015625,NA,28398.9885253906,NA,10076.3594970703,NA,5055.1396484375,NA,3873.60003662109,NA,7375.67993164062,NA,3735.03991699219,NA,1554.55996704102,NA,NA,NA,NA,NA,NA,NA,NA,NA
"24-FEB-2020",2020-02-24 09:39:50,"2020-02-24","9H 39M 50S","Unknown","2.16.0","Unknown","Unknown",336,336,336,357,357,357,505,NA,411,NA,560,NA,626,NA,511,NA,410,NA,497,NA,359,NA,450,NA,396,NA,416,NA,71217.8203125,68484.5078125,62837,82816.140625,66973.0859375,78779,3859.67993164062,NA,3828.8798828125,NA,6773.580078125,NA,6344.580078125,NA,3664.419921875,NA,3457.7197265625,NA,4903.5595703125,NA,3009.919921875,NA,5720.31982421875,NA,2853.76000976562,NA,1651.19995117188,NA,NA,NA,NA,NA,NA,NA,NA,NA
"20-FEB-2020",2020-02-20 12:49:55,"2020-02-20","12H 49M 55S","Unknown","2.16.0","Unknown","Unknown",336,336,336,357,357,357,505,NA,411,NA,560,NA,626,NA,511,NA,410,NA,497,NA,359,NA,450,NA,396,NA,416,NA,78417.83203125,68198.875,75435.5,118516.53515625,67740.828125,115350.5,6620.67993164062,NA,6256.35986328125,NA,7471.8603515625,NA,7401.5703125,NA,3915.63989257812,NA,3678.19970703125,NA,5230.03955078125,NA,5633.919921875,NA,10242.8798828125,NA,4743.6796875,NA,2604.80004882812,NA,NA,NA,NA,NA,NA,NA,NA,NA
"19-FEB-2020",2020-02-19 08:50:54,"2020-02-19","8H 50M 54S","Unknown","2.16.0","Unknown","Unknown",335,335,335,357,357,357,505,505,406,406,563,563,624,624,510,510,405,405,496,496,357,357,411,411,397,397,416,416,71612.2421875,65017.294921875,72225,108973.59375,65057.427734375,110622.5,6693.4599609375,6707,5704,5668,7272.87036132812,7303,6653.13037109375,6659,3755.13012695312,3797,3272.28002929688,3306,5291.3701171875,4843,5404.22021484375,5443,5264.8603515625,5301,4914.4501953125,4946.5,2561.41015625,2649.5,NA,NA,NA,NA,NA,NA,NA,NA
"18-FEB-2020",2020-02-18 09:25:54,"2020-02-18","9H 25M 54S","Unknown","2.16.0","Unknown","Unknown",335,335,335,357,357,357,505,505,406,406,563,563,624,624,510,510,405,405,496,496,357,357,411,411,397,397,416,416,71231.34765625,64837.845703125,72169.5,107306.76171875,64772.111328125,109442.5,6182.39990234375,6249,5278.5,5286,7213.14013671875,7288,6662.0400390625,6700.5,3772.33508300781,3915,3254.52001953125,3361,5224.21508789062,4906.5,5300.3701171875,5399.5,5185.13037109375,5281,4825.67529296875,4923.5,2576.82006835938,2701,NA,NA,NA,NA,NA,NA,NA,NA
"17-FEB-2020",2020-02-17 11:29:02,"2020-02-17","11H 29M 2S","Unknown","2.16.0","Unknown","Unknown",335,335,335,357,357,357,505,505,406,406,563,563,624,624,510,510,405,405,496,496,357,357,411,411,397,397,416,416,70902.1171875,65299.30859375,71395,108807.6015625,65119.6171875,110100,6156.64013671875,6166,5270.68017578125,5232,7232.2802734375,7264,6662.0400390625,6683,3947.16015625,4020,3403.26000976562,3461,5286.93017578125,4893,5231.3603515625,5258,5097.3603515625,5138,4679.9501953125,4747,2549.35009765625,2643,NA,NA,NA,NA,NA,NA,NA,NA
"13-FEB-2020",2020-02-13 09:47:33,"2020-02-13","9H 47M 33S","Unknown","2.16.0","Unknown","Unknown",336,336,336,357,357,357,505,NA,411,NA,560,NA,626,NA,511,NA,410,NA,497,NA,359,NA,450,NA,396,NA,416,NA,58949.40234375,50706.697265625,76285.5,122272.59375,68873.5546875,117113.5,6669.080078125,NA,6531.7998046875,NA,7759.29028320312,NA,7584.39013671875,NA,3945.31982421875,NA,3716.35986328125,NA,5291.51953125,NA,5935.03979492188,NA,10704.6396484375,NA,5080.63989257812,NA,2710.40002441406,NA,NA,NA,NA,NA,NA,NA,NA,NA
"12-FEB-2020",2020-02-12 08:42:06,"2020-02-12","8H 42M 6S","Unknown","2.16.0","Unknown","Unknown",335,335,335,357,357,357,505,505,406,406,563,563,624,624,510,510,405,405,496,496,357,357,411,411,397,397,416,416,71214.94921875,64826.27734375,72320,107292.2421875,64726.935546875,109401,6428.0400390625,6491,5773,5772,7174.2001953125,7240,6700.3203125,6734,3926.07006835938,4011,3403.26000976562,3466,5401.26025390625,5002,5333.8701171875,5415,5212.60009765625,5287.5,4902.39013671875,4992,2681.34008789062,2799.5,NA,NA,NA,NA,NA,NA,NA,NA
"11-FEB-2020",2020-02-11 12:57:08,"2020-02-11","12H 57M 8S","Unknown","2.16.0","Unknown","Unknown",336,336,336,357,357,357,505,NA,411,NA,560,NA,626,NA,511,NA,410,NA,497,NA,359,NA,450,NA,396,NA,416,NA,76755.28125,68582.19921875,73624.5,117402.78515625,68047.546875,113848,6253.27978515625,NA,6122.60009765625,NA,7327.98046875,NA,7467.900390625,NA,4189.11962890625,NA,3892.31982421875,NA,5585.1396484375,NA,5711.35986328125,NA,10390.7197265625,NA,4915.83984375,NA,2786.88000488281,NA,NA,NA,NA,NA,NA,NA,NA,NA
"10-FEB-2020",2020-02-10 13:11:05,"2020-02-10","13H 11M 5S","Unknown","2.16.0","Unknown","Unknown",335,335,335,357,357,357,505,505,406,406,563,563,624,624,510,510,405,405,496,496,357,357,411,411,397,397,416,416,79546.046875,63665.421875,81753,113980.6875,64269.234375,116168,5685.31982421875,5980,5728.0400390625,5945,7053.42041015625,7148,7271.88037109375,7367,3779.82006835938,4374,3175.919921875,3674,5197.5,5417,5261.75,5576,5134.349609375,5422,4859.39990234375,5127,2833.34985351562,3069,NA,NA,NA,NA,NA,NA,NA,NA
"10-FEB-2020",2020-02-10 09:32:13,"2020-02-10","9H 32M 13S","Unknown","2.16.0","Unknown","Unknown",336,336,336,357,357,357,505,NA,411,NA,560,NA,626,NA,511,NA,410,NA,497,NA,359,NA,450,NA,396,NA,416,NA,88476.359375,69262.734375,83596,123661.5625,68712.3125,118189,6537.52001953125,NA,7189.60009765625,NA,7273.8603515625,NA,8114.7001953125,NA,4380.97998046875,NA,3979.23974609375,NA,5992.1796875,NA,5861.11962890625,NA,10618.8798828125,NA,5032.31982421875,NA,3008,NA,NA,NA,NA,NA,NA,NA,NA,NA
"07-FEB-2020",2020-02-07 13:40:12,"2020-02-07","13H 40M 12S","Unknown","2.16.0","Unknown","Unknown",336,336,336,357,357,357,505,NA,411,NA,560,NA,626,NA,511,NA,410,NA,497,NA,359,NA,450,NA,396,NA,416,NA,89266.8359375,68072,85756,123674.1015625,67617.0546875,120313,6001.60009765625,NA,5456.8798828125,NA,7314.1201171875,NA,7568.88037109375,NA,4478.5,NA,4076.759765625,NA,5632.83984375,NA,5916.15966796875,NA,10766.7197265625,NA,4833.27978515625,NA,2379.52001953125,NA,NA,NA,NA,NA,NA,NA,NA,NA
"06-FEB-2020",2020-02-06 10:59:33,"2020-02-06","10H 59M 33S","Unknown","2.16.0","Unknown","Unknown",336,336,336,357,357,357,505,NA,411,NA,560,NA,626,NA,511,NA,410,NA,497,NA,359,NA,450,NA,396,NA,416,NA,91833.4375,69561.8046875,86435,127995.125,68993.5546875,122194,6669.52001953125,NA,6239.2001953125,NA,7595.9404296875,NA,7800.54052734375,NA,4384.15966796875,NA,4000.43969726562,NA,5564.99951171875,NA,6035.19970703125,NA,10910.080078125,NA,4979.19970703125,NA,2487.0400390625,NA,NA,NA,NA,NA,NA,NA,NA,NA
"05-FEB-2020",2020-02-05 12:23:28,"2020-02-05","12H 23M 28S","Unknown","2.16.0","Unknown","Unknown",336,336,336,357,357,357,505,NA,411,NA,560,NA,626,NA,511,NA,410,NA,497,NA,359,NA,450,NA,396,NA,416,NA,88458.3203125,68273.8046875,84738,123821.9453125,67485.1015625,120057,6101.919921875,NA,6748.7197265625,NA,7351.740234375,NA,8135.16015625,NA,4581.31982421875,NA,4126.57958984375,NA,6084.39990234375,NA,5745.27978515625,NA,10517.1201171875,NA,4988.7998046875,NA,2979.83984375,NA,NA,NA,NA,NA,NA,NA,NA,NA
"05-FEB-2020",2020-02-05 09:27:19,"2020-02-05","9H 27M 19S","Unknown","2.16.0","Unknown","Unknown",335,335,335,357,357,357,505,505,406,406,563,563,624,624,510,510,405,405,496,496,357,357,411,411,397,397,416,416,88063.203125,68343.7265625,84395,125253.484375,68605.28125,120136,6197.9599609375,6046,6371.509765625,6165,7871.8203125,7486,8070.48046875,7659,4081.77001953125,4101,3421.43994140625,3445,5672.7001953125,5123,5668,5494,5549.0498046875,5369,5298.14990234375,5136,3046.5498046875,3031,NA,NA,NA,NA,NA,NA,NA,NA
"04-FEB-2020",2020-02-04 08:19:58,"2020-02-04","8H 19M 58S","Unknown","2.16.0","Unknown","Unknown",335,335,335,357,357,357,505,505,406,406,563,563,624,624,510,510,405,405,496,496,357,357,411,411,397,397,416,416,88383.15234375,68545.15234375,84386,125069.01171875,68831.36328125,119492.5,6430.25,6234.5,6554.85009765625,6302,7852.0205078125,7435,8109.09008789062,7653.5,3921.39013671875,4041,3309.07507324219,3414,5565.7802734375,5174,5711.5498046875,5503,5569.52465820312,5366,5360.87475585938,5174,3086.19995117188,3043.5,NA,NA,NA,NA,NA,NA,NA,NA
"03-FEB-2020",2020-02-03 13:23:18,"2020-02-03","13H 23M 18S","Unknown","2.16.0","Unknown","Unknown",335,335,335,357,357,357,505,505,406,406,563,563,624,624,510,510,405,405,496,496,357,357,411,411,397,397,416,416,85556.65234375,67752.6484375,81928,122921.046875,67781.08984375,118057.5,6174.81982421875,5982,6146.33984375,5921,7585.71044921875,7233,7696.26025390625,7345,4090.67993164062,4360,3421.93493652344,3632,5352.43505859375,5165,5297.5,5145,5190.25,5064,4832.099609375,4746,2793.0498046875,2782.5,NA,NA,NA,NA,NA,NA,NA,NA
"03-FEB-2020",2020-02-03 11:34:18,"2020-02-03","11H 34M 18S","Unknown","2.16.0","Unknown","Unknown",336,336,336,357,357,357,505,NA,411,NA,560,NA,626,NA,511,NA,410,NA,497,NA,359,NA,450,NA,396,NA,416,NA,88500.140625,68087.921875,85094,121686.1875,67538.984375,118447,6140.64013671875,NA,6811.2001953125,NA,7160.34033203125,NA,8026.26025390625,NA,4403.23974609375,NA,3976.05981445312,NA,5912.6796875,NA,5844.47998046875,NA,10723.83984375,NA,5088.6396484375,NA,3089.28002929688,NA,NA,NA,NA,NA,NA,NA,NA,NA
"31-JAN-2020",2020-01-31 12:27:31,"2020-01-31","12H 27M 31S","Unknown","2.16.0","Unknown","Unknown",335,335,335,357,357,357,505,505,406,406,563,563,624,624,510,510,405,405,496,496,357,357,411,411,397,397,416,416,88230.0625,68106.3515625,84865,125045.5859375,68220.1015625,120581,5948.759765625,5793,4802.43994140625,4648,7739.16015625,7408,7551.72021484375,7205,3913.46997070312,4096,3283.830078125,3429,5217.30029296875,4890,5569.849609375,5393,5453.5,5291,4886.69970703125,4756,2351.0498046875,2351,NA,NA,NA,NA,NA,NA,NA,NA
"31-JAN-2020",2020-01-31 09:36:27,"2020-01-31","9H 36M 27S","Unknown","2.16.0","Unknown","Unknown",336,336,336,357,357,357,505,NA,411,NA,560,NA,626,NA,511,NA,410,NA,497,NA,359,NA,450,NA,396,NA,416,NA,89982.6953125,68675.6875,85713,124049.6484375,68094.765625,119881,6063.2001953125,NA,5407.60009765625,NA,7431.60009765625,NA,7704.84033203125,NA,4118.099609375,NA,3738.61987304688,NA,5445.2197265625,NA,5895.0400390625,NA,10772.4794921875,NA,4834.56005859375,NA,2391.0400390625,NA,NA,NA,NA,NA,NA,NA,NA,NA
"30-JAN-2020",2020-01-30 09:39:45,"2020-01-30","9H 39M 45S","Unknown","2.16.0","Unknown","Unknown",335,335,335,357,357,357,505,505,406,406,563,563,624,624,510,510,405,405,496,496,357,357,411,411,397,397,416,416,88213.046875,68654.9375,84161.5,125057.46484375,68806.890625,119514.5,6428.91479492188,6241,6418.23486328125,6165,7648.740234375,7250.5,7927.59033203125,7492.5,3863.47497558594,4053,3247.69494628906,3394,5373.71997070312,5052,5556.849609375,5365,5440.5,5255,5152.5498046875,5007,2980.25,2953.5,NA,NA,NA,NA,NA,NA,NA,NA
"29-JAN-2020",2020-01-29 13:31:22,"2020-01-29","13H 31M 22S","Unknown","2.16.0","Unknown","Unknown",335,335,335,357,357,357,505,505,406,406,563,563,624,624,510,510,405,405,496,496,357,357,411,411,397,397,416,416,87329.33984375,67301.6484375,84995.5,125941.20703125,67479.4609375,122502.5,6270.49487304688,6152,5438.34497070312,5277,7794.60009765625,7521,7634.55029296875,7333.5,4026.330078125,4288,3385.80004882812,3595,5186.11499023438,4954.5,5444.72485351562,5327.5,5333.25,5230,4810,4744.5,2465.44995117188,2496,NA,NA,NA,NA,NA,NA,NA,NA
"29-JAN-2020",2020-01-29 09:05:35,"2020-01-29","9H 5M 35S","Unknown","2.16.0","Unknown","Unknown",336,336,336,357,357,357,505,NA,411,NA,560,NA,626,NA,511,NA,410,NA,497,NA,359,NA,450,NA,396,NA,416,NA,90292.65625,68893.2890625,85671,124532.1015625,68354.546875,120109,6321.0400390625,NA,6655.43994140625,NA,7425.00048828125,NA,8053.3203125,NA,4154.1396484375,NA,3796.91967773438,NA,5707.03955078125,NA,5879.0400390625,NA,10720.6396484375,NA,5043.83984375,NA,2869.76000976562,NA,NA,NA,NA,NA,NA,NA,NA,NA
"28-JAN-2020",2020-01-28 10:23:05,"2020-01-28","10H 23M 5S","Unknown","2.16.0","Unknown","Unknown",335,335,335,357,357,357,505,505,406,406,563,563,624,624,510,510,405,405,496,496,357,357,411,411,397,397,416,416,87447.6015625,67376.80078125,84935,123207.15625,67746.34375,119531,5898.47485351562,5830.5,5852.19506835938,5746,7527.96044921875,7260,7779.09033203125,7466,3921.39013671875,4217,3301.65014648438,3549.5,5418.76513671875,5266,5696.9248046875,5562,5600.72485351562,5468,5246.7998046875,5160,3039.39990234375,3067,NA,NA,NA,NA,NA,NA,NA,NA
"27-JAN-2020",2020-01-27 12:37:05,"2020-01-27","12H 37M 5S","Unknown","2.16.0","Unknown","Unknown",335,335,335,357,357,357,505,505,406,406,563,563,624,624,510,510,405,405,496,496,357,357,411,411,397,397,416,416,87707.609375,67924.953125,84640,122785.0859375,67968.359375,118580,6493.43994140625,6326,6497,6262,7555.68017578125,7237,7859.2802734375,7500,4107.51025390625,4344,3436.2900390625,3647,5564.7900390625,5289,5596.5,5442,5483.39990234375,5328,5166.849609375,5053,3032.25,3031,NA,NA,NA,NA,NA,NA,NA,NA
"23-JAN-2020",2020-01-23 09:33:29,"2020-01-23","9H 33M 29S","Unknown","2.16.0","Unknown","Unknown",336,336,336,357,357,357,505,NA,411,NA,560,NA,626,NA,511,NA,410,NA,497,NA,359,NA,450,NA,396,NA,416,NA,91098.71875,67831.8359375,87779,125287.1484375,67398.6875,122267,6237.43994140625,NA,6318.39990234375,NA,7427.64013671875,NA,7969.50048828125,NA,3913.51977539062,NA,3662.2998046875,NA,5656.15966796875,NA,5853.43994140625,NA,10675.83984375,NA,4954.8798828125,NA,2671.35986328125,NA,NA,NA,NA,NA,NA,NA,NA,NA
"22-JAN-2020",2020-01-22 12:43:08,"2020-01-22","12H 43M 8S","Unknown","2.16.0","Unknown","Unknown",336,336,336,357,357,357,505,NA,411,NA,560,NA,626,NA,511,NA,410,NA,497,NA,359,NA,450,NA,396,NA,416,NA,91432.05078125,67965.421875,88002,127821.21484375,67241.42578125,124642.5,6095.759765625,NA,6501,NA,7549.080078125,NA,8269.80078125,NA,4227.80981445312,NA,3926.23974609375,NA,5982.10961914062,NA,5657.919921875,NA,10375.0400390625,NA,4879.67993164062,NA,2768.31994628906,NA,NA,NA,NA,NA,NA,NA,NA,NA
"22-JAN-2020",2020-01-22 08:47:22,"2020-01-22","8H 47M 22S","Unknown","FACSAriaII","1","Administrator",335,335,335,357,357,357,505,505,406,406,563,563,624,624,510,510,405,405,496,496,357,357,411,411,397,397,416,416,89780.40234375,67122.91796875,87442.5,126976.74609375,67684.109375,123338.5,6693.68994140625,6648,6664.31982421875,6547,7846.080078125,7569.5,7954.3203125,7629.5,3525.39013671875,3741,3077.90991210938,3255,5332.14013671875,5072,5735.599609375,5599,5589.99975585938,5466,5297.5,5221,2940.92492675781,2960,-59.77,0,27.36,-24.37,0.89,0.66,0.99,0.65
"21-JAN-2020",2020-01-21 09:07:18,"2020-01-21","9H 7M 18S","Unknown","2.16.0","Unknown","Unknown",335,335,335,357,357,357,505,505,406,406,563,563,624,624,510,510,405,405,496,496,357,357,411,411,397,397,416,416,87720.1640625,67722.1875,84624.5,122341.234375,68067.9453125,118376.5,6401.32495117188,6292,6415.56494140625,6254,7681.080078125,7352,7886.34033203125,7530,3670.919921875,3902,3198.19494628906,3387.5,5409.35986328125,5185,5760.62475585938,5592,5629.97485351562,5469,5284.5,5164,3093.34985351562,3084.5,NA,NA,NA,NA,NA,NA,NA,NA
"17-JAN-2020",2020-01-17 09:16:00,"2020-01-17","9H 16M 0S","Unknown","2.16.0","Unknown","Unknown",335,335,335,357,357,357,505,505,406,406,563,563,624,624,510,510,405,405,496,496,357,357,411,411,397,397,416,416,91468.4375,67429.9921875,88457,128002.3828125,67816.8125,124153,6714.15966796875,6639,4947.509765625,4875,7994.580078125,7674,7296.30029296875,6971,3697.65014648438,3875,3217.5,3364,4762.89013671875,4521,5831.14990234375,5675,5653.69970703125,5505,5001.75,4892,2141.75,2151,NA,NA,NA,NA,NA,NA,NA,NA
"16-JAN-2020",2020-01-16 09:07:39,"2020-01-16","9H 7M 39S","Unknown","2.16.0","Unknown","Unknown",335,335,335,357,357,357,505,505,406,406,563,563,624,624,510,510,405,405,496,496,357,357,411,411,397,397,416,416,86244.75,67258.015625,83966,121902.0078125,67570.453125,118652,6034.19970703125,5955,5017.81982421875,4913,7617.72021484375,7356,7383.42041015625,7092,4080.78002929688,4333,3530.34008789062,3730,5375.7001953125,5139,5726.5,5618,5610.14990234375,5501,5038.7998046875,4956,2516.14990234375,2541,NA,NA,NA,NA,NA,NA,NA,NA
"15-JAN-2020",2020-01-15 10:10:31,"2020-01-15","10H 10M 31S","Unknown","2.16.0","Unknown","Unknown",335,335,335,357,357,357,505,505,406,406,563,563,624,624,510,510,405,405,496,496,357,357,411,411,397,397,416,416,86570.3671875,67440.265625,84106,125026.7734375,67690.78125,121300,6441.81982421875,6332.5,6422.23974609375,6231,7652.7001953125,7358.5,7822.650390625,7521.5,4142.65502929688,4404,3565.97998046875,3779,5682.60009765625,5424.5,5640.37475585938,5522,5519.47485351562,5404,5198.69970703125,5124.5,2995.52490234375,3010,NA,NA,NA,NA,NA,NA,NA,NA
"14-JAN-2020",2020-01-14 10:34:07,"2020-01-14","10H 34M 7S","Unknown","2.16.0","Unknown","Unknown",335,335,335,357,357,357,505,505,406,406,563,563,624,624,510,510,405,405,496,496,357,357,411,411,397,397,416,416,86838.4765625,66768.2734375,85283,123784.984375,67001.0546875,121405,6581.5498046875,6544,6650.080078125,6549,7593.30029296875,7376,7804.50048828125,7573,4144.14013671875,4478,3572.91015625,3840,5656.85986328125,5464,5663.44970703125,5580,5573.099609375,5500,5288.39990234375,5236,3155.75,3214,NA,NA,NA,NA,NA,NA,NA,NA
"13-JAN-2020",2020-01-13 09:36:08,"2020-01-13","9H 36M 8S","Unknown","2.16.0","Unknown","Unknown",336,336,336,357,357,357,505,NA,411,NA,560,NA,626,NA,511,NA,410,NA,497,NA,359,NA,450,NA,396,NA,416,NA,88282.8359375,68603.65234375,84243.5,122444.52734375,67916.58203125,118350.5,6542.7998046875,NA,6688.8798828125,NA,7174.2001953125,NA,7784.04052734375,NA,4599.33984375,NA,4296.70971679688,NA,6099.23974609375,NA,5893.43969726562,NA,10689.279296875,NA,4966.39990234375,NA,2807.0400390625,NA,NA,NA,NA,NA,NA,NA,NA,NA
"10-JAN-2020",2020-01-10 08:37:12,"2020-01-10","8H 37M 12S","Unknown","2.16.0","Unknown","Unknown",335,335,335,357,357,357,505,505,406,406,563,563,624,624,510,510,405,405,496,496,357,357,411,411,397,397,416,416,90590.8046875,67946.87890625,87126,126976.4140625,68278.14453125,122533.5,6814.28491210938,6665,6613.58984375,6404,7797.900390625,7433,7809.1201171875,7428,3701.61010742188,3865,3225.419921875,3360.5,5286.10498046875,4978,5895.1748046875,5685,5707.64990234375,5521,5388.1748046875,5229,2967.25,2952,NA,NA,NA,NA,NA,NA,NA,NA
"09-JAN-2020",2020-01-09 12:49:52,"2020-01-09","12H 49M 52S","Unknown","2.16.0","Unknown","Unknown",336,336,336,357,357,357,505,NA,411,NA,560,NA,626,NA,511,NA,410,NA,497,NA,359,NA,450,NA,396,NA,416,NA,90197.5390625,66099.2421875,89413,125259.421875,65593.109375,125483,6224.23974609375,NA,6769.83984375,NA,7442.16015625,NA,8185.3203125,NA,4307.83984375,NA,3986.65966796875,NA,5966.73974609375,NA,5854.7197265625,NA,10680.3193359375,NA,5079.0400390625,NA,3009.919921875,NA,NA,NA,NA,NA,NA,NA,NA,NA
"09-JAN-2020",2020-01-09 09:23:58,"2020-01-09","9H 23M 58S","Unknown","2.16.0","Unknown","Unknown",335,335,335,357,357,357,505,505,406,406,563,563,624,624,510,510,405,405,496,496,357,357,411,411,397,397,416,416,88943.671875,66976.0390625,87050,126615.0625,67263.7578125,123803,6171.259765625,6122,6146.33984375,6030,7810.4404296875,7583,7951.68017578125,7676,3877.830078125,4070,3365.01000976562,3514,5498.4599609375,5161,5794.099609375,5689,5630.94970703125,5544,5317.64990234375,5253,3079.69995117188,3116,NA,NA,NA,NA,NA,NA,NA,NA
"08-JAN-2020",2020-01-08 10:25:48,"2020-01-08","10H 25M 48S","Unknown","2.16.0","Unknown","Unknown",336,336,336,357,357,357,505,NA,411,NA,560,NA,626,NA,511,NA,410,NA,497,NA,359,NA,450,NA,396,NA,416,NA,90446.8203125,68317.17578125,86739,125909.1953125,67692.32421875,121951.5,6435.8798828125,NA,6998.64013671875,NA,7389.3603515625,NA,8129.22045898438,NA,4456.23974609375,NA,4147.77978515625,NA,6067.96948242188,NA,5934.7197265625,NA,10795.83984375,NA,5145.919921875,NA,3086.07983398438,NA,NA,NA,NA,NA,NA,NA,NA,NA
"07-JAN-2020",2020-01-07 09:44:13,"2020-01-07","9H 44M 13S","Unknown","2.16.0","Unknown","Unknown",336,336,336,357,357,357,505,NA,411,NA,560,NA,626,NA,511,NA,410,NA,497,NA,359,NA,450,NA,396,NA,416,NA,88922.4375,68057.7265625,85561,119075.8828125,67496.484375,116091,6635.2001953125,NA,7243.27978515625,NA,7131.30029296875,NA,7866.54052734375,NA,4524.07958984375,NA,4192.2998046875,NA,6105.599609375,NA,6114.56005859375,NA,11091.2001953125,NA,5255.6796875,NA,3187.19995117188,NA,NA,NA,NA,NA,NA,NA,NA,NA
